Time,Pressure,Flow,Heater1,Heater2,Comment,1,2,3,4,5,6,7,8,9,10,11,12,13,14,15,16,17,18,19,20,21,22,23,24,25,26,27,28,29,30,31,32,33,34,35,36,37,38,39,40
10/26/2016 17:52:47,0,0,0,0,0,21.53423,21.65022,21.62661,21.48425,21.53468,21.59890,21.64344,21.59922,21.68788,21.87326,21.72187,21.62002,21.69665,21.62437,21.75270,21.61953,21.65193,21.64036,21.61751,21.68737,21.58668,21.67835,21.67814,21.67309,21.70918,21.66851,21.63179,21.67458,21.62515,21.63945
10/26/2016 17:53:07,0,0,0,0,0,21.53794,21.64698,21.62474,21.48474,21.53378,21.59847,21.63924,21.60020,21.68641,21.87471,21.71851,21.61718,21.69344,21.62574,21.75064,21.61865,21.64900,21.63708,21.61975,21.68747,21.58661,21.67690,21.67735,21.67177,21.70926,21.66843,21.63285,21.67484,21.61945,21.63963
10/26/2016 17:53:27,0,0,0,0,0,21.53749,21.64784,21.62511,21.48702,21.53639,21.59676,21.64248,21.59890,21.68433,21.87135,21.71920,21.62006,21.69399,21.62560,21.74975,21.61617,21.65087,21.63773,21.61670,21.68631,21.59099,21.67739,21.67853,21.67264,21.70957,21.67439,21.63171,21.67307,21.62405,21.63936
10/26/2016 17:53:47,0,0,0,0,0,21.53617,21.64598,21.62317,21.48472,21.53482,21.59393,21.63798,21.59460,21.68081,21.87070,21.71712,21.61698,21.69515,21.62299,21.74631,21.61808,21.64930,21.63684,21.61672,21.68859,21.58317,21.67655,21.67720,21.67484,21.71008,21.67075,21.62827,21.67360,21.61890,21.63936
10/26/2016 17:54:07,0,0,0,0,0,21.53712,21.64452,21.61902,21.48537,21.53317,21.59030,21.63562,21.59413,21.68399,21.86770,21.71386,21.61881,21.69346,21.62452,21.74710,21.61653,21.64904,21.63814,21.61743,21.68857,21.58613,21.67592,21.67692,21.67170,21.70616,21.67050,21.62777,21.67063,21.62126,21.64040
10/26/2016 17:54:27,0,0,0,0,0,21.53755,21.64411,21.62507,21.48386,21.53240,21.58859,21.63321,21.59278,21.68060,21.86992,21.71588,21.61757,21.69600,21.62464,21.75066,21.61822,21.64879,21.64048,21.61568,21.68733,21.58393,21.67476,21.67749,21.67116,21.70690,21.67191,21.62847,21.67142,21.62162,21.63896
10/26/2016 17:54:47,0,0,0,0,0,21.53896,21.64219,21.62136,21.48164,21.53612,21.58706,21.63287,21.58979,21.67883,21.86624,21.71209,21.61865,21.69248,21.62496,21.74722,21.61716,21.64908,21.63643,21.61910,21.68651,21.58393,21.67374,21.67749,21.67234,21.70826,21.67309,21.62900,21.67340,21.61967,21.63725
10/26/2016 17:55:07,0,0,0,0,0,21.54146,21.64325,21.62175,21.48309,21.53712,21.58553,21.63366,21.58503,21.67574,21.86536,21.70963,21.61757,21.69407,21.62244,21.74836,21.61804,21.64833,21.63765,21.61774,21.68356,21.58666,21.67384,21.67682,21.66963,21.70629,21.67423,21.62843,21.66922,21.62030,21.63894
10/26/2016 17:55:27,0,0,0,0,0,21.54531,21.64545,21.63156,21.51221,21.54545,21.58637,21.63248,21.58926,21.68195,21.87033,21.71930,21.63617,21.71563,21.63965,21.76759,21.63696,21.66708,21.65366,21.66079,21.70617,21.60073,21.69617,21.69456,21.69877,21.74014,21.68655,21.63560,21.71048,21.65397,21.67521
10/26/2016 17:55:47,0,0,0,0,0,21.55183,21.64779,21.64185,21.53625,21.57458,21.59680,21.64466,21.60321,21.69307,21.87756,21.72718,21.64967,21.72849,21.65148,21.78188,21.65065,21.68089,21.66818,21.66238,21.71645,21.61710,21.70617,21.70594,21.70590,21.74512,21.69034,21.64040,21.72130,21.65784,21.68010
10/26/2016 17:56:07,0,0,0,0,0,21.55266,21.64833,21.63885,21.54735,21.58796,21.60085,21.64702,21.60604,21.69559,21.87782,21.72934,21.65751,21.73435,21.66342,21.78806,21.65659,21.68796,21.67464,21.66054,21.72323,21.62382,21.71694,21.71616,21.71254,21.74887,21.69315,21.63723,21.72291,21.66704,21.68568
10/26/2016 17:56:27,0,0,0,0,0,21.55551,21.65663,21.63653,21.56370,21.60718,21.60625,21.65708,21.61513,21.70358,21.89212,21.63083,21.66350,21.73785,21.66951,21.79646,21.66187,21.69448,21.68688,21.65997,21.73097,21.62963,21.72592,21.72407,21.71782,21.75284,21.70262,21.62590,21.72457,21.67140,21.68944
10/26/2016 17:56:47,0,0,0,0,0,21.56961,21.65213,21.63511,21.56808,21.56368,21.62317,21.66454,21.61869,21.70560,21.88746,21.73331,21.66894,21.74189,21.67160,21.79820,21.66468,21.69661,21.68439,21.66034,21.73270,21.63128,21.72062,21.72342,21.71796,21.75592,21.70193,21.61769,21.71128,21.66354,21.67877
10/26/2016 17:57:07,0,0,0,0,0,21.57397,21.65126,21.63993,21.56676,21.54639,21.63949,21.67930,21.63181,21.71370,21.89460,21.73657,21.66109,21.73920,21.66822,21.79013,21.66030,21.69262,21.67598,21.65989,21.73130,21.62639,21.71258,21.71500,21.71877,21.75447,21.69792,21.60780,21.70478,21.65338,21.66914
10/26/2016 17:57:27,0,0,0,0,0,21.57323,21.64325,21.63680,21.56776,21.53747,21.63152,21.67641,21.62608,21.71364,21.89255,21.73502,21.65726,21.73203,21.66055,21.78897,21.65384,21.68777,21.67676,21.65989,21.72409,21.61979,21.70500,21.71449,21.71384,21.75130,21.69085,21.60411,21.69678,21.64635,21.66380
10/26/2016 17:57:47,0,0,0,0,0,21.57079,21.64393,21.63401,21.56521,21.53407,21.56816,21.61348,21.57576,21.67166,21.86110,21.70914,21.65401,21.73219,21.65739,21.78209,21.65482,21.68378,21.67006,21.66289,21.71965,21.61454,21.70160,21.70399,21.70810,21.75066,21.68527,21.59629,21.69130,21.63995,21.65969
10/26/2016 17:58:07,0,0,0,0,0,21.56600,21.62855,21.63733,21.56397,21.52232,21.36952,21.42482,21.40781,21.53403,21.73592,21.61568,21.64944,21.72673,21.65024,21.78038,21.64800,21.68105,21.66220,21.66069,21.71529,21.61067,21.69272,21.69710,21.70661,21.74651,21.67006,21.57289,21.67702,21.63156,21.64853
10/26/2016 17:58:27,0,0,0,0,0,21.55217,21.59798,21.63460,21.55867,21.49399,20.87199,20.96158,20.98961,21.18013,21.41816,21.36414,21.63763,21.71961,21.64185,21.76802,21.64061,21.67179,21.65535,21.65847,21.70796,21.60264,21.67720,21.68800,21.69847,21.74121,21.59912,21.47897,21.65038,21.61106,21.62325
10/26/2016 17:58:47,0,0,0,0,0,21.48470,21.47845,21.63751,21.55228,21.35449,19.23405,19.39701,19.55475,19.95359,20.28494,20.44507,21.61800,21.70531,21.61822,21.75028,21.62429,21.65348,21.63089,21.66051,21.68896,21.57484,21.62688,21.65484,21.68061,21.73231,21.35255,21.13074,21.54820,21.53042,21.53285
10/26/2016 17:59:07,0,0,0,0,0,21.19806,20.92726,21.62582,21.54914,20.77287,11.33391,11.79726,12.53265,14.06649,14.71278,16.11559,21.54175,21.64226,21.52834,21.67126,21.56136,21.58158,21.53168,21.64743,21.61034,21.47079,21.41979,21.51849,21.61325,21.69093,20.23234,19.48022,21.09965,21.19064,21.14654
10/26/2016 17:59:27,0,0,0,0,0,19.92374,18.33740,21.63242,21.51472,18.12188,-11.66801,-12.40807,-12.60605,-10.62279,-15.32516,-11.16066,21.18698,21.37966,21.11462,21.31487,21.26100,21.25085,21.08364,21.60892,21.26888,21.00793,20.43199,20.88988,21.30285,21.49254,12.94786,7.45011,18.70398,19.44268,19.03958
10/26/2016 17:59:47,0,0,0,0,0,-7.27539,-13.23433,21.61275,21.17885,-6.28128,-14.77852,-15.29541,-16.39900,-14.39171,-17.09366,-16.26091,18.29498,19.10866,17.13905,17.73697,18.28289,17.95743,16.72269,20.71758,18.27310,17.12052,10.27666,14.28930,18.08368,19.42669,-15.97977,-17.02271,3.00399,5.18314,3.83782
10/26/2016 18:00:07,0,0,0,0,0,-14.76974,-15.53955,21.57028,20.03274,-12.17270,-15.09857,-15.56129,-16.99219,-14.76402,-17.17300,-16.81099,10.22220,12.36036,8.42094,9.72584,11.20954,10.87041,8.35037,18.56589,11.56318,9.12895,1.57649,5.08185,12.29810,15.58155,-16.69235,-17.45071,-3.41454,-3.29056,-3.31192
10/26/2016 18:00:27,0,0,0,0,0,-15.65552,-15.92255,21.18412,19.05935,-13.45863,-15.26756,-15.74249,-17.26761,-14.85519,-17.37366,-17.02118,4.07093,6.90451,2.42075,3.87929,5.65568,5.40734,2.46372,15.73221,6.20225,3.31263,-3.09753,-0.69923,7.65411,12.00172,-16.65039,-17.36183,-6.14090,-7.06444,-6.40411
10/26/2016 18:00:47,0,0,0,0,0,-15.78979,-16.09344,20.66443,18.08502,-13.96408,-15.35721,-15.96260,-17.47093,-15.16113,-17.48962,-17.24205,0.35423,3.03242,-1.27220,0.15703,1.88641,1.71569,-1.20659,13.34948,2.48420,-0.41733,-5.80482,-4.08745,4.24799,9.01505,-16.71143,-17.41524,-7.60040,-8.99811,-8.09631
10/26/2016 18:01:07,0,0,0,0,0,-15.82756,-16.00494,20.60477,17.17825,-14.10370,-15.33546,-15.91644,-17.52968,-15.15121,-17.53273,-17.29660,-1.91422,0.53261,-3.55110,-2.22702,-0.65460,-0.74158,-3.53622,11.31699,0.00707,-2.77519,-7.27348,-6.04324,1.83111,6.53626,-16.85295,-17.47627,-8.34656,-10.03456,-9.04617
10/26/2016 18:01:27,0,0,0,0,0,-15.89508,-16.12854,20.44004,16.45024,-14.18571,-15.39726,-16.08582,-17.54265,-15.21683,-17.49268,-17.32597,-3.32031,-1.05095,-4.96674,-3.74489,-2.30713,-2.32277,-5.00870,9.78634,-1.63155,-4.22287,-8.33054,-7.32460,0.28512,4.62657,-16.83006,-17.49649,-8.82797,-10.67581,-9.65500
10/26/2016 18:01:47,0,0,0,0,0,-15.99236,-16.25824,20.21225,15.79071,-14.24484,-15.43503,-16.17966,-17.56821,-15.29007,-17.47437,-17.34581,-4.23126,-2.09427,-5.88226,-4.72794,-3.44734,-3.37181,-5.98106,8.70491,-2.77405,-5.20325,-9.02557,-8.12759,-0.78316,3.25974,-16.81824,-17.49649,-9.20258,-11.10954,-10.09979
10/26/2016 18:02:07,0,0,0,0,0,-16.05339,-16.28838,20.06090,15.23962,-14.34288,-15.48920,-16.33606,-17.61436,-15.46021,-17.51060,-17.40417,-4.88319,-2.84271,-6.48384,-5.38330,-4.19579,-4.11453,-6.67229,7.70909,-3.55453,-5.90630,-9.51347,-8.69141,-1.56631,2.20440,-16.87317,-17.54646,-9.44519,-11.39679,-10.39162
10/26/2016 18:02:27,0,0,0,0,0,-16.11710,-16.35437,19.91785,14.74796,-14.40201,-15.56015,-16.44936,-17.65480,-15.55557,-17.53807,-17.47055,-5.34439,-3.42102,-6.95038,-5.89561,-4.73518,-4.68063,-7.20139,6.82910,-4.15916,-6.43120,-9.88922,-9.10416,-2.17705,1.37008,-16.93382,-17.57088,-9.66721,-11.64131,-10.63805
10/26/2016 18:02:47,0,0,0,0,0,-16.16554,-16.43219,19.80816,14.34515,-14.47868,-15.62271,-16.54167,-17.71736,-15.63187,-17.60788,-17.52701,-5.73387,-3.83034,-7.29370,-6.30226,-5.26199,-5.10101,-7.58400,6.19061,-4.59290,-6.80695,-10.17303,-9.44138,-2.65656,0.74852,-16.98227,-17.61208,-9.86557,-11.85532,-10.85892
10/26/2016 18:03:07,0,0,0,0,0,-16.23764,-16.47797,19.66258,13.89728,-14.57291,-15.67459,-16.61377,-17.74902,-15.71884,-17.64755,-17.58308,-6.06766,-4.13742,-7.62062,-6.63261,-5.64194,-5.44548,-7.90100,5.64059,-4.94461,-7.13806,-10.41603,-9.71146,-3.04642,0.26288,-17.01202,-17.67311,-10.02121,-12.02087,-11.02448
10/26/2016 18:03:27,0,0,0,0,0,-16.26434,-16.51764,19.54880,13.54959,-14.66026,-15.73791,-16.66374,-17.78717,-15.78903,-17.68036,-17.62848,-6.33621,-4.44489,-7.87201,-6.84891,-5.94559,-5.78346,-8.18787,5.11290,-5.27344,-7.41882,-10.61783,-9.94492,-3.38516,-0.18654,-17.05589,-17.72232,-10.16273,-12.17194,-11.17172
10/26/2016 18:03:47,0,0,0,0,0,-16.31699,-16.54396,19.41896,13.20824,-14.73808,-15.78598,-16.69312,-17.80548,-15.88364,-17.71736,-17.66434,-6.53725,-4.65393,-8.05511,-7.03506,-6.18973,-6.05621,-8.42743,4.68350,-5.57404,-7.64160,-10.78873,-10.13107,-3.71704,-0.58022,-17.10587,-17.73491,-10.30960,-12.29477,-11.29799
10/26/2016 18:04:07,0,0,0,0,0,-16.34369,-16.60233,19.25123,12.83215,-14.82162,-15.82794,-16.72287,-17.81845,-15.91072,-17.73758,-17.69638,-6.70013,-4.87137,-8.23402,-7.25555,-6.40373,-6.26068,-8.62579,4.31826,-5.81970,-7.86896,-10.94513,-10.28824,-3.94821,-0.87395,-17.13562,-17.77954,-10.40649,-12.39471,-11.39832
10/26/2016 18:04:27,0,0,0,0,0,-16.46004,-16.64810,19.07456,12.50925,-14.85443,-15.88669,-16.75987,-17.83409,-15.98282,-17.78564,-17.72461,-6.92787,-5.10712,-8.42438,-7.48405,-6.63948,-6.47850,-8.79974,3.96770,-6.03294,-8.05740,-11.05804,-10.42671,-4.16069,-1.15776,-17.17606,-17.81235,-10.51292,-12.49619,-11.50665
10/26/2016 18:04:47,0,0,0,0,0,-16.46461,-16.69617,18.87476,12.20735,-14.93835,-15.93399,-16.78429,-17.86957,-16.00647,-17.78984,-17.74712,-7.06787,-5.30319,-8.55064,-7.61528,-6.80237,-6.64673,-8.95309,3.63672,-6.21223,-8.20923,-11.19614,-10.57434,-4.38194,-1.45226,-17.20657,-17.84134,-10.62393,-12.59232,-11.60622
10/26/2016 18:05:07,0,0,0,0,0,-16.53023,-16.71143,18.66862,11.88694,-14.99214,-15.95764,-16.80984,-17.90085,-16.05225,-17.82417,-17.79060,-7.22504,-5.45807,-8.72650,-7.77740,-6.95686,-6.82144,-9.09386,3.38515,-6.38390,-8.32901,-11.30524,-10.68192,-4.59747,-1.65787,-17.25693,-17.86270,-10.70099,-12.66899,-11.68175
10/26/2016 18:05:27,0,0,0,0,0,-16.58707,-16.76979,18.46894,11.59916,-15.05013,-16.00952,-16.85066,-17.92297,-16.11786,-17.84744,-17.81082,-7.38144,-5.59387,-8.84972,-7.94907,-7.16248,-6.99501,-9.21555,3.16661,-6.55365,-8.46977,-11.36627,-10.78453,-4.76418,-1.92986,-17.28287,-17.89856,-10.79750,-12.74223,-11.77101
10/26/2016 18:05:47,0,0,0,0,0,-16.63055,-16.81061,18.22584,11.30770,-15.10468,-16.05797,-16.84875,-17.95273,-16.12358,-17.86880,-17.85393,-7.52640,-5.79033,-8.96568,-8.05550,-7.28188,-7.14188,-9.34563,2.89696,-6.70891,-8.61130,-11.47804,-10.89706,-4.92668,-2.10838,-17.33437,-17.93213,-10.88638,-12.81891,-11.85760
10/26/2016 18:06:07,0,0,0,0,0,-16.63589,-16.85486,17.99429,11.10025,-15.16190,-16.08582,-16.88881,-17.97638,-16.15524,-17.90276,-17.88025,-7.64008,-5.93719,-9.06296,-8.19702,-7.43294,-7.27692,-9.45969,2.71058,-6.84052,-8.74481,-11.57608,-10.99281,-5.08881,-2.31628,-17.37289,-17.94815,-10.99319,-12.90245,-11.94229
10/26/2016 18:06:27,0,0,0,0,0,-16.74309,-16.88385,17.79135,10.84461,-15.24506,-16.12015,-16.88919,-18.00003,-16.18614,-17.94052,-17.90237,-7.77206,-6.04286,-9.21288,-8.31070,-7.53593,-7.40776,-9.57832,2.46290,-6.99005,-8.87032,-11.65390,-11.08475,-5.21317,-2.46506,-17.18369,-17.61475,-11.04736,-12.95929,-11.99799
10/26/2016 18:06:47,0,0,0,0,0,-16.42151,-16.11977,17.54759,10.58324,-14.89792,-15.47585,-16.09573,-17.10815,-15.39803,-16.92047,-16.95557,-7.86285,-6.15997,-9.25217,-8.36906,-7.64923,-7.46498,-9.62524,2.29776,-7.06863,-8.91075,-11.59554,-11.08475,-5.35965,-2.62375,-16.83044,-17.01469,-10.89020,-12.78725,-11.83090
10/26/2016 18:07:07,0,0,0,0,0,-16.34598,-15.87296,17.36779,10.31055,-14.78386,-15.21454,-15.77339,-16.86172,-15.19699,-16.71982,-16.76483,-7.78656,-6.11725,-9.17892,-8.32443,-7.62939,-7.47566,-9.56192,2.15317,-7.06520,-8.87680,-11.51047,-10.98900,-5.36919,-2.69852,-16.84875,-17.03796,-10.82993,-12.69608,-11.76605
10/26/2016 18:07:27,0,0,0,0,0,-16.32004,-15.95306,17.15674,10.11224,-14.78882,-15.11536,-15.78293,-16.79611,-15.19737,-16.65039,-16.70990,-7.79724,-6.16837,-9.16138,-8.36143,-7.63626,-7.49893,-9.55811,2.02894,-7.08694,-8.87337,-11.46698,-10.97336,-5.42717,-2.78702,-16.87546,-17.04254,-10.84976,-12.68539,-11.77521
10/26/2016 18:07:47,0,0,0,0,0,-16.36314,-15.95459,16.90959,9.95804,-14.87885,-15.14130,-15.69939,-16.77399,-15.24315,-16.72478,-16.70761,-7.81288,-6.19583,-9.18274,-8.35724,-7.68204,-7.52640,-9.58633,1.88260,-7.13806,-8.91724,-11.51657,-10.99815,-5.49240,-2.89345,-16.89072,-17.05246,-10.88829,-12.71210,-11.80649
10/26/2016 18:08:07,0,0,0,0,0,-16.28914,-15.96756,16.66472,9.71220,-14.90631,-15.11421,-15.68298,-16.73470,-15.23132,-16.70380,-16.68434,-7.90558,-6.31523,-9.24911,-8.41255,-7.73239,-7.59544,-9.62791,1.76031,-7.18613,-8.95309,-11.51505,-11.01570,-5.56259,-2.99225,-16.89453,-17.06314,-10.92224,-12.73651,-11.83701
10/26/2016 18:08:27,0,0,0,0,0,-16.33987,-15.93246,16.46919,9.58980,-14.91318,-15.11765,-15.67230,-16.74118,-15.21797,-16.73889,-16.65878,-7.95746,-6.41937,-9.30252,-8.49304,-7.78198,-7.65419,-9.67865,1.67580,-7.25708,-9.00803,-11.52534,-11.05385,-5.63774,-3.07732,-16.90559,-17.06772,-10.98671,-12.76321,-11.87820
10/26/2016 18:08:47,0,0,0,0,0,-16.40015,-15.96909,16.23533,9.42546,-14.89410,-15.16685,-15.65628,-16.75415,-15.23170,-16.68053,-16.74347,-8.05130,-6.47888,-9.35059,-8.54263,-7.85675,-7.74345,-9.73091,1.51585,-7.33109,-9.07784,-11.58562,-11.09772,-5.70869,-3.16849,-16.90941,-17.08794,-11.02448,-12.79640,-11.90948
10/26/2016 18:09:07,0,0,0,0,0,-16.40625,-16.04729,16.07708,9.27149,-14.89906,-15.13329,-15.71808,-16.72363,-15.29083,-16.67328,-16.72134,-8.10242,-6.56204,-9.41696,-8.58688,-7.92809,-7.79610,-9.78775,1.39965,-7.40433,-9.12743,-11.58829,-11.14960,-5.78537,-3.27759,-16.93420,-17.08679,-11.07864,-12.82768,-11.95564
10/26/2016 18:09:27,0,0,0,0,0,-16.44440,-16.00952,15.78451,9.11438,-14.99062,-15.20081,-15.68146,-16.80450,-15.34805,-16.73965,-16.75758,-8.16345,-6.64368,-9.46999,-8.66394,-7.97882,-7.85370,-9.84077,1.27771,-7.47757,-9.19647,-11.66000,-11.19461,-5.87692,-3.35541,-16.93878,-17.10815,-11.11450,-12.86659,-11.98959
10/26/2016 18:09:47,0,0,0,0,0,-16.47339,-16.05949,15.54874,9.02746,-15.00397,-15.11841,-15.68298,-16.84532,-15.24124,-16.74728,-16.83388,-8.20694,-6.68106,-9.51767,-8.72040,-8.04710,-7.93762,-9.89494,1.17488,-7.54776,-9.26170,-11.70578,-11.24115,-5.97076,-3.44849,-16.96091,-17.12456,-11.15646,-12.90131,-12.03537
10/26/2016 18:10:27,0,0,0,0,0,-16.50887,-16.05606,15.09205,8.64523,-15.04631,-15.26299,-15.68451,-16.79916,-15.30266,-16.84341,-16.81366,-8.34312,-6.80542,-9.65996,-8.83942,-8.17490,-8.05931,-10.01625,0.89969,-7.69691,-9.38721,-11.81335,-11.33804,-6.12411,-3.64609,-17.00058,-17.15012,-11.26022,-12.97913,-12.11662
10/26/2016 18:10:47,0,0,0,0,0,-16.47568,-16.09917,14.87530,8.50515,-15.09094,-15.31677,-15.73296,-16.80603,-15.26833,-16.81595,-16.77780,-8.42667,-6.91185,-9.71069,-8.91724,-8.25424,-8.14514,-10.07195,0.83504,-7.76672,-9.44595,-11.81755,-11.37390,-6.20842,-3.73611,-17.02042,-17.17873,-11.30600,-13.00888,-12.15515
10/26/2016 18:11:07,0,0,0,0,0,-16.56265,-16.10260,14.63763,8.36284,-15.09628,-15.26260,-15.74020,-16.86325,-15.33203,-16.80603,-16.80069,-8.49838,-7.00073,-9.74998,-8.96759,-8.32024,-8.20808,-10.11696,0.77234,-7.82242,-9.49745,-11.87973,-11.42273,-6.28433,-3.81775,-17.03491,-17.16766,-11.34567,-13.04855,-12.19788
10/26/2016 18:11:27,0,0,0,0,0,-16.54510,-16.15677,14.45799,8.19081,-15.08293,-15.26642,-15.77797,-16.86630,-15.39993,-16.83235,-16.80336,-8.57010,-7.08389,-9.83353,-9.03854,-8.38242,-8.25119,-10.17227,0.63039,-7.88231,-9.55315,-11.93123,-11.47118,-6.35796,-3.93105,-17.03682,-17.17796,-11.38306,-13.07831,-12.23373
10/26/2016 18:11:47,0,0,0,0,0,-16.56723,-16.15601,14.17532,8.08549,-15.17029,-15.28168,-15.74097,-16.84494,-15.41901,-16.84036,-16.81366,-8.60176,-7.18613,-9.84688,-9.06067,-8.44193,-8.32901,-10.21729,0.50870,-7.94907,-9.60236,-11.95679,-11.51276,-6.42586,-4.01077,-17.05208,-17.19170,-11.41434,-13.11226,-12.26578
10/26/2016 18:12:07,0,0,0,0,0,-16.56342,-16.14723,13.94131,7.95601,-15.19547,-15.32555,-15.75241,-16.85562,-15.42969,-16.87241,-16.81633,-8.68683,-7.25288,-9.89456,-9.12857,-8.49304,-8.38089,-10.26726,0.39868,-8.01544,-9.65805,-11.99036,-11.54480,-6.50101,-4.08707,-17.07039,-17.19742,-11.45172,-13.13934,-12.29477
10/26/2016 18:12:27,0,0,0,0,0,-16.56723,-16.13617,13.77091,7.84926,-15.19394,-15.31830,-15.77454,-16.85944,-15.38887,-16.87393,-16.77856,-8.71925,-7.26814,-9.95865,-9.18388,-8.54874,-8.42514,-10.31227,0.35030,-8.05855,-9.69963,-12.01439,-11.58485,-6.54755,-4.14658,-17.08145,-17.19933,-11.50513,-13.16757,-12.34169
10/26/2016 18:12:47,0,0,0,0,0,-16.61682,-16.16936,13.59835,7.71553,-15.19737,-15.35454,-15.75394,-16.87927,-15.42664,-16.86249,-16.85562,-8.78868,-7.35130,-10.01091,-9.22279,-8.59146,-8.47588,-10.34966,0.27237,-8.11005,-9.74541,-12.06131,-11.62872,-6.60934,-4.19235,-17.08794,-17.21268,-11.54022,-13.20190,-12.37373
10/26/2016 18:13:07,0,0,0,0,0,-16.61758,-16.22658,13.33816,7.62320,-15.22064,-15.35645,-15.83138,-16.88042,-15.47394,-16.88004,-16.87393,-8.83026,-7.39441,-10.03342,-9.26552,-8.65402,-8.52737,-10.40382,0.16476,-8.16727,-9.79462,-12.09641,-11.67221,-6.67610,-4.30832,-17.10510,-17.21725,-11.58295,-13.24120,-12.40997
10/26/2016 18:13:27,0,0,0,0,0,-16.64848,-16.22467,13.04923,7.54727,-15.27481,-15.38353,-15.81879,-16.91322,-15.42358,-16.90216,-16.86440,-8.87527,-7.47337,-10.10056,-9.32999,-8.70094,-8.58459,-10.44159,0.13782,-8.22182,-9.84840,-12.08115,-11.68938,-6.73904,-4.36935,-16.24184,-16.75797,-11.48300,-13.19275,-12.30774
10/26/2016 18:13:47,0,0,0,0,0,-15.29694,-15.42892,12.96563,7.45510,-13.59329,-14.55765,-15.12146,-16.29791,-14.83650,-16.01067,-16.07857,-8.77991,-7.39136,-9.87816,-9.11217,-8.54568,-8.39882,-10.15129,0.05835,-8.03986,-9.57413,-11.32584,-11.19003,-6.54793,-4.29115,-14.40201,-15.46249,-10.19745,-11.97968,-11.04584
10/26/2016 18:14:07,0,0,0,0,0,-13.53760,-14.29443,12.79621,7.39285,-12.29477,-13.20496,-13.87787,-15.25116,-13.91983,-14.96429,-15.08942,-8.02994,-6.80161,-9.05533,-8.37860,-7.90062,-7.75070,-9.34525,0.11920,-7.42569,-8.80661,-10.30693,-10.23254,-5.98869,-3.93524,-12.97531,-14.21738,-9.08928,-10.79712,-9.92966
10/26/2016 18:14:27,0,0,0,0,0,-12.10861,-13.36746,12.61698,7.37567,-10.85815,-11.97586,-12.76550,-14.28375,-13.02681,-13.96484,-14.14642,-7.19604,-6.07338,-8.10089,-7.48672,-7.10831,-6.94351,-8.40797,0.28916,-6.65398,-7.90329,-9.11255,-9.15031,-5.31158,-3.46756,-11.78055,-13.23128,-7.69615,-9.38530,-8.53653
10/26/2016 18:14:47,0,0,0,0,0,-13.90457,-14.70451,12.42396,7.37782,-13.32855,-14.11972,-14.85252,-16.26472,-14.90097,-16.78047,-16.42227,-6.36711,-5.32990,-7.32536,-6.74286,-6.39420,-6.30150,-7.74117,0.58441,-6.01730,-7.28607,-9.45244,-8.81691,-4.89388,-3.11508,-17.17758,-17.33475,-9.84802,-10.82306,-10.41870
10/26/2016 18:15:07,0,0,0,0,0,-16.48445,-16.26167,12.21711,7.27773,-15.07263,-15.34653,-15.97366,-16.97655,-15.57274,-17.05055,-16.94603,-7.18155,-5.90668,-8.41599,-7.67593,-7.09610,-7.08733,-8.78716,0.63353,-6.72760,-8.25577,-10.87799,-10.13107,-5.48477,-3.35236,-17.18216,-17.31529,-11.00693,-12.29401,-11.66649
10/26/2016 18:15:27,0,0,0,0,0,-16.67976,-16.33987,11.98431,7.04005,-15.27634,-15.50446,-15.99350,-17.04674,-15.68451,-17.04788,-16.97845,-8.05168,-6.65894,-9.28040,-8.49037,-7.81975,-7.79724,-9.59015,0.48675,-7.42722,-9.04770,-11.53412,-10.93445,-6.04591,-3.68462,-17.18941,-17.33551,-11.44180,-12.88071,-12.14600
10/26/2016 18:15:47,0,0,0,0,0,-16.67404,-16.33148,11.74896,6.90492,-15.39764,-15.53879,-15.97404,-17.15088,-15.69786,-17.11960,-17.03110,-8.56438,-7.16782,-9.76448,-8.97675,-8.29544,-8.24471,-10.05821,0.27127,-7.88803,-9.51385,-11.87973,-11.36398,-6.46133,-4.01726,-17.21306,-17.35649,-11.65237,-13.16071,-12.38098
10/26/2016 18:16:07,0,0,0,0,0,-16.73126,-16.36658,11.57809,6.74173,-15.42435,-15.58304,-16.00952,-17.03300,-15.71541,-17.10510,-17.06200,-8.90007,-7.50656,-10.07347,-9.27582,-8.59604,-8.53806,-10.33821,0.05981,-8.17032,-9.78012,-12.11853,-11.63139,-6.73256,-4.26483,-17.22031,-17.36336,-11.77597,-13.30948,-12.52518
10/26/2016 18:16:27,0,0,0,0,0,-16.71638,-16.35208,11.34198,6.63016,-15.44380,-15.51514,-16.08086,-17.07878,-15.69824,-17.08145,-17.02003,-9.06258,-7.67860,-10.24551,-9.45511,-8.80432,-8.71201,-10.51979,-0.14725,-8.35800,-9.96399,-12.22534,-11.78398,-6.90842,-4.51889,-17.23785,-17.38052,-11.84845,-13.40637,-12.60986
10/26/2016 18:16:47,0,0,0,0,0,-16.85181,-16.39824,11.23884,6.56745,-15.43198,-15.61012,-16.05072,-17.07840,-15.70930,-17.08412,-17.12875,-9.18274,-7.81708,-10.37636,-9.56955,-8.95271,-8.85277,-10.64491,-0.29449,-8.50677,-10.09140,-12.31499,-11.89041,-7.05032,-4.67987,-17.26112,-17.38663,-11.89346,-13.46931,-12.66937
10/26/2016 18:17:07,0,0,0,0,0,-16.82091,-16.43906,11.04543,6.40670,-15.45105,-15.63950,-16.14227,-17.13257,-15.74974,-17.15431,-17.05475,-9.25903,-7.90176,-10.45723,-9.67560,-9.04083,-8.96225,-10.73761,-0.41771,-8.60405,-10.18982,-12.38480,-11.96938,-7.15752,-4.79622,-17.27142,-17.41333,-11.95946,-13.52615,-12.72583
10/26/2016 18:17:27,0,0,0,0,0,-16.82510,-16.47339,10.83543,6.34140,-15.54184,-15.65781,-16.14037,-17.20047,-15.78293,-17.15088,-17.13028,-9.36966,-7.98798,-10.52704,-9.76677,-9.12857,-9.04274,-10.81467,-0.58746,-8.68149,-10.25848,-12.43820,-12.03117,-7.24106,-4.90952,-17.28554,-17.42096,-11.99303,-13.56201,-12.76665
10/26/2016 18:17:47,0,0,0,0,0,-16.77551,-16.48102,10.69447,6.18791,-15.60135,-15.67459,-16.14075,-17.10739,-15.83519,-17.12875,-17.11121,-9.36737,-8.01773,-10.58884,-9.80682,-9.20410,-9.10339,-10.87341,-0.67368,-8.75320,-10.31303,-12.49695,-12.08572,-7.31277,-5.00107,-17.31834,-17.44270,-12.03423,-13.60245,-12.80060
10/26/2016 18:18:07,0,0,0,0,0,-16.83922,-16.45432,10.52702,6.11618,-15.54718,-15.65208,-16.07971,-17.15851,-15.82565,-17.19818,-17.12341,-9.44519,-8.11577,-10.63499,-9.86938,-9.26819,-9.16443,-10.92644,-0.74196,-8.81882,-10.37064,-12.52937,-12.13264,-7.39365,-5.08766,-17.31873,-17.45224,-12.06741,-13.63335,-12.83875
10/26/2016 18:18:27,0,0,0,0,0,-16.87241,-16.50276,10.39735,6.03751,-15.54337,-15.71579,-16.11862,-17.14592,-15.79475,-17.17987,-17.18369,-9.49821,-8.14362,-10.69107,-9.93652,-9.31969,-9.23309,-10.97717,-0.83618,-8.87527,-10.41946,-12.57401,-12.17384,-7.44705,-5.17082,-17.33246,-17.46750,-12.10861,-13.66730,-12.87231
10/26/2016 18:18:47,0,0,0,0,0,-16.88194,-16.56647,10.22040,5.97810,-15.59258,-15.74097,-16.17737,-17.15317,-15.83328,-17.16156,-17.18864,-9.57680,-8.25920,-10.74295,-9.98802,-9.37080,-9.28497,-11.01837,-0.88425,-8.92639,-10.46524,-12.62589,-12.21886,-7.50961,-5.22156,-17.34543,-17.47894,-12.14752,-13.69514,-12.90894
10/26/2016 18:19:07,0,0,0,0,0,-16.94298,-16.49895,10.04601,5.90435,-15.61470,-15.74097,-16.16631,-17.22946,-15.79819,-17.17453,-17.17682,-9.61151,-8.28018,-10.79636,-10.02502,-9.42039,-9.32541,-11.06224,-0.99335,-8.97064,-10.50644,-12.64648,-12.25128,-7.56111,-5.28564,-17.36221,-17.48505,-12.15935,-13.71994,-12.93030
10/26/2016 18:19:27,0,0,0,0,0,-16.91017,-16.55350,9.90529,5.77252,-15.60745,-15.70435,-16.18805,-17.23938,-15.89317,-17.13524,-17.14363,-9.62677,-8.31795,-10.82687,-10.06393,-9.46655,-9.36623,-11.09695,-1.06659,-9.02290,-10.56099,-12.67204,-12.27989,-7.61070,-5.35889,-17.36183,-17.48123,-12.18910,-13.74016,-12.95128
10/26/2016 18:19:47,0,0,0,0,0,-16.89911,-16.55617,9.69789,5.65261,-15.70930,-15.72495,-16.17661,-17.22641,-15.89050,-17.22565,-17.20047,-9.66988,-8.36067,-10.85510,-10.09674,-9.51004,-9.40018,-11.13319,-1.12152,-9.05914,-10.56862,-12.71553,-12.31766,-7.66945,-5.41077,-17.38434,-17.50565,-12.21848,-13.76572,-12.98447
10/26/2016 18:20:07,0,0,0,0,0,-16.85257,-16.55235,9.56584,5.57492,-15.72685,-15.78445,-16.15295,-17.20505,-15.90080,-17.25845,-17.18597,-9.72137,-8.39119,-10.87189,-10.12726,-9.54895,-9.45435,-11.17020,-1.16920,-9.10568,-10.62851,-12.74109,-12.35046,-7.70950,-5.46188,-17.38586,-17.52968,-12.24823,-13.79089,-13.01155
10/26/2016 18:20:27,0,0,0,0,0,-16.93153,-16.53481,9.40824,5.54395,-15.70854,-15.77454,-16.18652,-17.20886,-15.86952,-17.21306,-17.20467,-9.73091,-8.43773,-10.91423,-10.15701,-9.59244,-9.48830,-11.19843,-1.25427,-9.14040,-10.65140,-12.74796,-12.37335,-7.74765,-5.51071,-17.40570,-17.53693,-12.27531,-13.81416,-13.03329
10/26/2016 18:20:47,0,0,0,0,0,-17.00974,-16.53595,9.33326,5.45536,-15.71426,-15.78293,-16.21552,-17.27333,-15.90157,-17.22145,-17.25349,-9.78088,-8.44727,-10.94818,-10.18982,-9.63402,-9.51729,-11.22742,-1.30692,-9.16977,-10.69374,-12.77962,-12.39891,-7.79190,-5.57709,-17.41257,-17.54379,-12.30927,-13.84163,-13.06190
10/26/2016 18:21:07,0,0,0,0,0,-17.06657,-16.67366,9.10544,5.33676,-15.71121,-15.74402,-16.25633,-17.27066,-15.92484,-17.33246,-17.25731,-9.83009,-8.54416,-11.00044,-10.23598,-9.65881,-9.56192,-11.26328,-1.34048,-9.21211,-10.72464,-12.79221,-12.42371,-7.83539,-5.62248,-17.43202,-17.55371,-12.35886,-13.87291,-13.09433
10/26/2016 18:21:27,0,0,0,0,0,-17.04292,-16.65878,8.95472,5.28434,-15.79742,-15.82832,-16.18843,-17.33856,-15.94200,-17.31339,-17.27028,-9.85794,-8.54759,-11.02219,-10.26688,-9.71680,-9.59778,-11.29532,-1.40381,-9.24606,-10.75363,-12.83226,-12.44965,-7.87201,-5.67741,-17.46521,-17.57202,-12.36877,-13.89008,-13.11264
10/26/2016 18:21:47,0,0,0,0,0,-17.02003,-16.65344,8.66148,5.15086,-15.83366,-15.83595,-16.22124,-17.26379,-15.99960,-17.27257,-17.31377,-9.89227,-8.55980,-11.03821,-10.30960,-9.74770,-9.62715,-11.32088,-1.46561,-9.28802,-10.79865,-12.87994,-12.48932,-7.92351,-5.73120,-17.46902,-17.58957,-12.39700,-13.91907,-13.14621
10/26/2016 18:22:07,0,0,0,0,0,-17.03720,-16.65764,8.64653,5.12897,-15.78903,-15.81573,-16.20407,-17.28363,-15.92979,-17.32445,-17.27638,-9.89151,-8.62503,-11.08665,-10.33020,-9.78622,-9.67331,-11.35788,-1.51825,-9.32388,-10.82497,-12.88757,-12.51259,-7.96356,-5.76668,-17.48581,-17.61246,-12.43591,-13.94653,-13.17749
10/26/2016 18:22:27,0,0,0,0,0,-17.03300,-16.63513,8.54908,4.99033,-15.79933,-15.90271,-16.26244,-17.29965,-15.99312,-17.31949,-17.32483,-9.95178,-8.68301,-11.11946,-10.34622,-9.82437,-9.70917,-11.38306,-1.57738,-9.35974,-10.86540,-12.89101,-12.53510,-8.00095,-5.80826,-17.49039,-17.60521,-12.46796,-13.96561,-13.19809
10/26/2016 18:22:47,0,0,0,0,0,-17.07153,-16.68777,8.49755,4.96949,-15.80658,-15.83939,-16.27426,-17.28973,-15.99808,-17.29202,-17.32521,-9.97505,-8.66814,-11.13434,-10.39238,-9.85374,-9.74541,-11.40900,-1.61247,-9.39598,-10.89172,-12.93564,-12.56104,-8.03528,-5.83382,-17.50488,-17.63954,-12.47177,-13.98239,-13.21106
10/26/2016 18:23:07,0,0,0,0,0,-17.15164,-16.73470,8.17772,4.88735,-15.84091,-15.86990,-16.31699,-17.38129,-15.96375,-17.37785,-17.34238,-10.02998,-8.72841,-11.16638,-10.40382,-9.87473,-9.76753,-11.43684,-1.60370,-9.42154,-10.90851,-12.93869,-12.58011,-8.06503,-5.87997,-17.53197,-17.62505,-12.50801,-14.00032,-13.24196
10/26/2016 18:23:27,0,0,0,0,0,-17.12456,-16.73050,8.03084,4.78440,-15.83176,-15.90843,-16.23039,-17.39693,-15.99922,-17.32674,-17.31529,-10.04334,-8.75664,-11.19614,-10.43282,-9.89761,-9.80721,-11.46393,-1.68076,-9.46083,-10.94437,-13.00049,-12.61368,-8.10165,-5.90363,-17.53845,-17.65366,-12.52213,-14.01443,-13.25951
10/26/2016 18:23:47,0,0,0,0,0,-17.14439,-16.71486,7.85617,4.87931,-15.85732,-15.88745,-16.34827,-17.40723,-16.07132,-17.38625,-17.35725,-10.06546,-8.77838,-11.22475,-10.45647,-9.94339,-9.83963,-11.48453,-1.70097,-9.48639,-10.97031,-13.00316,-12.63657,-8.15506,-5.95398,-17.55295,-17.65976,-12.54234,-14.03732,-13.27400
10/26/2016 18:24:27,0,0,0,0,0,-17.10968,-16.69693,7.61157,4.65795,-15.86838,-15.93971,-16.34140,-17.34238,-16.07132,-17.39273,-17.34924,-10.11810,-8.79784,-11.25793,-10.52246,-10.00214,-9.88922,-11.52534,-1.77307,-9.53293,-11.02142,-13.05618,-12.68654,-8.20503,-5.99518,-17.56096,-17.68036,-12.58469,-14.07547,-13.32321
10/26/2016 18:24:47,0,0,0,0,0,-17.17072,-16.70609,7.47683,4.65904,-15.87448,-15.94162,-16.37268,-17.41066,-16.04004,-17.39044,-17.37289,-10.15358,-8.85353,-11.30447,-10.55679,-10.01663,-9.91516,-11.56158,-1.83182,-9.57298,-11.04317,-13.08556,-12.70485,-8.23479,-6.04210,-17.59262,-17.68837,-12.60834,-14.09836,-13.34381
10/26/2016 18:25:07,0,0,0,0,0,-17.20886,-16.77666,7.37876,4.48266,-15.90080,-15.93628,-16.40434,-17.45529,-16.10184,-17.40303,-17.40036,-10.16617,-8.83904,-11.31706,-10.58578,-10.05478,-9.95369,-11.58600,-1.84937,-9.60808,-11.07597,-13.12332,-12.72926,-8.28171,-6.10123,-17.59949,-17.71317,-12.63885,-14.12354,-13.37395
10/26/2016 18:25:27,0,0,0,0,0,-17.20924,-16.78467,7.18655,4.42991,-15.98740,-15.94658,-16.34903,-17.46483,-16.10336,-17.48428,-17.39044,-10.20622,-8.97141,-11.34109,-10.61249,-10.08148,-9.98192,-11.60736,-1.84021,-9.62944,-11.10420,-13.12141,-12.75024,-8.31451,-6.13403,-17.61780,-17.72423,-12.67090,-14.14566,-13.39912
10/26/2016 18:25:47,0,0,0,0,0,-17.23480,-17.01927,7.11394,4.40778,-16.08887,-16.25443,-16.78925,-17.84096,-16.45813,-17.93289,-17.85049,-10.20546,-8.96683,-11.39450,-10.66475,-10.11734,-10.01282,-11.63635,-1.85471,-9.66568,-11.14616,-13.23318,-12.82272,-8.36143,-6.17599,-18.12668,-18.58673,-12.84866,-14.28528,-13.55515
10/26/2016 18:26:07,0,0,0,0,0,-17.68188,-17.95158,6.98471,4.35074,-16.50848,-16.99486,-17.53616,-18.67828,-17.29317,-18.81104,-18.71414,-10.37560,-9.11560,-11.52802,-10.80551,-10.23674,-10.14404,-11.77673,-1.91765,-9.76868,-11.27243,-13.36784,-12.96692,-8.48160,-6.27441,-18.26859,-18.79196,-13.04092,-14.48555,-13.73444
10/26/2016 18:26:27,0,0,0,0,0,-17.77649,-18.02979,6.84325,4.25298,-16.54587,-17.07764,-17.63077,-18.75725,-17.35458,-18.79158,-18.73283,-10.50797,-9.24759,-11.69281,-10.92606,-10.36835,-10.26993,-11.92017,-1.99547,-9.90295,-11.40327,-13.48648,-13.09433,-8.58879,-6.36520,-18.28156,-18.82973,-13.09891,-14.58435,-13.81607
10/26/2016 18:26:47,0,0,0,0,0,-17.79480,-18.03741,6.70474,4.16123,-16.60156,-17.12379,-17.64336,-18.79692,-17.35077,-18.81790,-18.76755,-10.61935,-9.31168,-11.75041,-11.02982,-10.47287,-10.37750,-12.00447,-2.06146,-9.99756,-11.49178,-13.59558,-13.20114,-8.68950,-6.46019,-18.33878,-18.87169,-13.17253,-14.66026,-13.89008
10/26/2016 18:27:07,0,0,0,0,0,-17.80472,-18.10265,6.58510,4.09708,-16.67480,-17.13905,-17.68951,-18.84918,-17.41867,-18.87665,-18.83583,-10.68497,-9.40933,-11.85684,-11.10458,-10.55984,-10.44426,-12.09068,-2.17056,-10.07767,-11.57532,-13.63983,-13.27248,-8.76389,-6.52695,-18.35709,-18.88542,-13.24959,-14.73084,-13.95874
10/26/2016 18:27:27,0,0,0,0,0,-17.86118,-18.12782,6.44744,4.01601,-16.67709,-17.14096,-17.71660,-18.86330,-17.44843,-18.85605,-18.82401,-10.74600,-9.51538,-11.91292,-11.17630,-10.62164,-10.51331,-12.15515,-2.24571,-10.14633,-11.64513,-13.67722,-13.31673,-8.82149,-6.61278,-18.36166,-18.89114,-13.28430,-14.76898,-13.99307
10/26/2016 18:27:47,0,0,0,0,0,-17.89246,-18.12935,6.33307,3.89740,-16.68358,-17.19780,-17.74216,-18.88733,-17.44537,-18.89496,-18.87321,-10.77766,-9.54208,-11.96823,-11.22932,-10.67924,-10.55984,-12.19330,-2.29721,-10.18295,-11.67831,-13.71536,-13.36594,-8.88214,-6.66161,-18.38608,-18.91708,-13.30910,-14.78767,-14.02397
10/26/2016 18:28:07,0,0,0,0,0,-17.87567,-18.12744,6.21162,3.82384,-16.73241,-17.19818,-17.72385,-18.89648,-17.47665,-18.91251,-18.89954,-10.85892,-9.61227,-12.02164,-11.27586,-10.72159,-10.60410,-12.24823,-2.38647,-10.24475,-11.71875,-13.77869,-13.41057,-8.92677,-6.71158,-18.40134,-18.93425,-13.33771,-14.83078,-14.05945
10/26/2016 18:28:27,0,0,0,0,0,-17.88826,-18.13965,6.09882,3.75867,-16.70685,-17.22717,-17.77420,-18.92166,-17.49840,-18.93730,-18.91403,-10.91232,-9.65385,-12.05597,-11.30371,-10.76927,-10.65750,-12.28905,-2.47116,-10.29663,-11.76643,-13.82980,-13.44910,-8.99010,-6.79169,-18.42346,-18.93921,-13.36517,-14.86206,-14.09760
10/26/2016 18:28:47,0,0,0,0,0,-17.94434,-18.20755,5.97029,3.68577,-16.76941,-17.25922,-17.76047,-18.95294,-17.51022,-18.94417,-18.90640,-10.92606,-9.65996,-12.09793,-11.35063,-10.81009,-10.68802,-12.31918,-2.51465,-10.33478,-11.80191,-13.83438,-13.47809,-9.04160,-6.84319,-18.45245,-18.97278,-13.39340,-14.88686,-14.11896
10/26/2016 18:29:07,0,0,0,0,0,-17.95654,-18.21594,5.84201,3.63217,-16.76903,-17.25159,-17.78412,-18.95561,-17.56706,-18.98689,-18.93806,-10.96802,-9.67941,-12.12921,-11.40671,-10.84671,-10.73837,-12.34550,-2.54745,-10.36453,-11.83929,-13.90533,-13.51929,-9.06601,-6.87790,-18.46237,-18.97583,-13.42125,-14.92081,-14.16054
10/26/2016 18:29:27,0,0,0,0,0,-17.94395,-18.23044,5.73090,3.57050,-16.81747,-17.31300,-17.83676,-18.97354,-17.58385,-18.98575,-18.94493,-11.00426,-9.74884,-12.16888,-11.42273,-10.87990,-10.76660,-12.38937,-2.62680,-10.41069,-11.87096,-13.92517,-13.54675,-9.11560,-6.92291,-18.47458,-19.00177,-13.46283,-14.94522,-14.18877
10/26/2016 18:29:47,0,0,0,0,0,-17.95921,-18.23082,5.65435,3.52250,-16.84189,-17.30042,-17.79785,-18.98079,-17.59109,-18.98460,-18.94531,-11.04012,-9.82056,-12.18643,-11.45439,-10.91614,-10.81047,-12.41455,-2.64168,-10.44006,-11.90262,-13.93547,-13.57574,-9.13544,-6.96144,-18.49060,-19.02657,-13.48534,-14.96429,-14.20097
10/26/2016 18:30:07,0,0,0,0,0,-17.97562,-18.23387,5.52952,3.43427,-16.83159,-17.30576,-17.81273,-18.98193,-17.52701,-18.98384,-18.95828,-11.08131,-9.84077,-12.22649,-11.49940,-10.96687,-10.83794,-12.44736,-2.69318,-10.47554,-11.93619,-13.97667,-13.60092,-9.18274,-7.02362,-18.49365,-19.01970,-13.50288,-14.98489,-14.22615
10/26/2016 18:30:27,0,0,0,0,0,-17.98897,-18.27698,5.38452,3.38456,-16.84341,-17.31110,-17.81578,-19.03191,-17.62505,-19.01245,-18.95447,-11.06949,-9.86328,-12.23602,-11.51390,-10.99167,-10.86159,-12.46643,-2.74315,-10.50072,-11.96671,-13.98315,-13.62190,-9.20715,-7.03583,-18.48831,-19.01703,-13.51089,-14.99481,-14.22958
10/26/2016 18:30:47,0,0,0,0,0,-17.99469,-18.28003,5.29572,3.32147,-16.87698,-17.33360,-17.79938,-18.99300,-17.61894,-19.02771,-18.98041,-11.11755,-9.86557,-12.25967,-11.54099,-11.00502,-10.87837,-12.48703,-2.73476,-10.52170,-11.98578,-13.99536,-13.63945,-9.23958,-7.07397,-18.48984,-19.02542,-13.53836,-15.01541,-14.25247
10/26/2016 18:31:07,0,0,0,0,0,-18.00270,-18.25790,5.19548,3.23660,-16.88004,-17.33246,-17.84325,-18.97812,-17.63306,-19.01550,-18.96133,-11.14006,-9.90143,-12.28142,-11.55930,-11.02028,-10.90851,-12.50229,-2.77672,-10.54001,-12.01019,-13.99002,-13.64479,-9.26285,-7.10678,-18.50433,-19.03610,-13.55438,-15.02113,-14.26353
10/26/2016 18:31:27,0,0,0,0,0,-17.98477,-18.28041,5.11063,3.19286,-16.87546,-17.33284,-17.85812,-18.99681,-17.58003,-18.99109,-18.95332,-11.17554,-9.93729,-12.30392,-11.59058,-11.04698,-10.92682,-12.51602,-2.78015,-10.55222,-12.01782,-14.02359,-13.66501,-9.28764,-7.13272,-18.49098,-19.02008,-13.54599,-15.02991,-14.26888
10/26/2016 18:31:47,0,0,0,0,0,-18.00842,-18.26859,4.98607,3.17291,-16.85638,-17.31644,-17.79556,-18.97659,-17.60941,-18.99643,-18.93501,-11.16447,-9.93042,-12.31995,-11.60431,-11.06720,-10.94704,-12.53586,-2.86407,-10.58197,-12.03384,-14.05258,-13.67455,-9.32198,-7.18460,-18.50052,-19.01894,-13.56316,-15.03525,-14.28375
10/26/2016 18:32:07,0,0,0,0,0,-18.02673,-18.30254,4.88948,3.11355,-16.87126,-17.32140,-17.77000,-18.97812,-17.62962,-19.03458,-18.98537,-11.19194,-9.96475,-12.35390,-11.62224,-11.08933,-10.97374,-12.53624,-2.84271,-10.60028,-12.05597,-14.04152,-13.69324,-9.34639,-7.20062,-18.50815,-19.02390,-13.58833,-15.04974,-14.29749
10/26/2016 18:32:27,0,0,0,0,0,-18.02330,-18.28041,4.77179,3.06337,-16.87851,-17.33170,-17.82227,-18.97926,-17.62161,-18.98460,-18.94913,-11.24649,-9.98840,-12.35123,-11.65810,-11.11870,-10.99472,-12.56104,-2.86560,-10.61707,-12.07504,-14.04304,-13.70049,-9.37386,-7.23915,-18.49976,-19.00787,-13.61237,-15.05814,-14.30817
10/26/2016 18:32:47,0,0,0,0,0,-18.00308,-18.25562,4.68527,2.99604,-16.92657,-17.33780,-17.79709,-18.96896,-17.65213,-19.02466,-18.96439,-11.26175,-10.02350,-12.39471,-11.65123,-11.12404,-11.00502,-12.56981,-2.85988,-10.63385,-12.08076,-14.05792,-13.70888,-9.40094,-7.26089,-18.50357,-19.01245,-13.61275,-15.06805,-14.31389
10/26/2016 18:33:07,0,0,0,0,0,-18.00461,-18.27621,4.57364,2.97820,-16.88156,-17.33437,-17.81082,-19.00291,-17.60788,-18.99528,-18.96706,-11.28044,-10.03952,-12.40540,-11.66534,-11.13586,-11.02829,-12.58965,-2.92740,-10.66055,-12.10213,-14.05411,-13.71727,-9.40781,-7.26929,-18.49747,-19.01016,-13.62877,-15.06958,-14.32877
10/26/2016 18:33:27,0,0,0,0,0,-18.01414,-18.28346,4.47158,2.89862,-16.89682,-17.33208,-17.82112,-18.97087,-17.62276,-18.99071,-18.93234,-11.28464,-10.05173,-12.41455,-11.68022,-11.15074,-11.04507,-12.59575,-2.96326,-10.67734,-12.11433,-14.07242,-13.72986,-9.43718,-7.30133,-18.47458,-19.00024,-13.64212,-15.08102,-14.31580
10/26/2016 18:33:47,0,0,0,0,0,-18.00156,-18.26859,4.38769,2.87764,-16.87927,-17.31300,-17.78526,-18.96667,-17.58270,-18.97163,-18.94226,-11.29913,-10.10780,-12.42027,-11.68327,-11.18584,-11.05957,-12.61330,-3.02505,-10.69679,-12.11548,-14.06403,-13.73444,-9.44901,-7.32040,-18.44940,-18.96133,-13.62381,-15.07034,-14.32304
10/26/2016 18:34:07,0,0,0,0,0,-17.96341,-18.24417,4.27559,2.81616,-16.87469,-17.29279,-17.70515,-18.92395,-17.57050,-18.94951,-18.90869,-11.28616,-10.07538,-12.39243,-11.67221,-11.17935,-11.06186,-12.58354,-2.93999,-10.66055,-12.11777,-14.04762,-13.71803,-9.45740,-7.32269,-18.42842,-18.94226,-13.60779,-15.04822,-14.30206
10/26/2016 18:34:27,0,0,0,0,0,-17.95731,-18.21709,4.18228,2.74700,-16.85028,-17.25616,-17.65976,-18.89572,-17.44461,-18.90945,-18.86253,-11.30753,-10.07538,-12.41531,-11.68137,-11.17477,-11.05881,-12.57935,-2.99034,-10.68459,-12.11472,-14.05029,-13.71841,-9.45396,-7.33871,-18.40096,-18.92776,-13.60092,-15.03639,-14.29138
10/26/2016 18:34:47,0,0,0,0,0,-17.92412,-18.21213,4.08293,2.71148,-16.83769,-17.25883,-17.64908,-18.86749,-17.49039,-18.89648,-18.85529,-11.31248,-10.10475,-12.42104,-11.68938,-11.17973,-11.05652,-12.58926,-3.05824,-10.69107,-12.12311,-14.06174,-13.70697,-9.46350,-7.34978,-18.38989,-18.90411,-13.59940,-15.03410,-14.29520
10/26/2016 18:35:07,0,0,0,0,0,-17.92679,-18.16673,3.99143,2.69114,-16.84113,-17.21992,-17.64793,-18.85643,-17.50069,-18.85834,-18.81027,-11.32126,-10.08949,-12.41074,-11.69357,-11.17821,-11.05347,-12.58469,-3.05939,-10.69565,-12.13074,-14.04228,-13.70468,-9.46884,-7.35092,-18.36205,-18.87665,-13.57613,-15.01541,-14.26926
10/26/2016 18:35:27,0,0,0,0,0,-17.90504,-18.14575,3.88312,2.63581,-16.80794,-17.22984,-17.65518,-18.84003,-17.45796,-18.83507,-18.77747,-11.30753,-10.08186,-12.40082,-11.67908,-11.17249,-11.05537,-12.56599,-3.00903,-10.68192,-12.11472,-14.02130,-13.68065,-9.47342,-7.37495,-18.34488,-18.87589,-13.57803,-15.00473,-14.26811
10/26/2016 18:35:47,0,0,0,0,0,-17.87720,-18.16254,3.80328,2.58359,-16.84608,-17.22221,-17.61551,-18.80264,-17.43393,-18.83278,-18.78281,-11.34644,-10.15167,-12.37488,-11.67336,-11.17325,-11.05957,-12.56027,-3.05138,-10.69069,-12.11510,-13.99002,-13.66959,-9.48410,-7.37152,-18.34259,-18.85490,-13.58337,-14.99977,-14.25896
10/26/2016 18:36:07,0,0,0,0,0,-17.89551,-18.13049,3.73199,2.56636,-16.80679,-17.18254,-17.61703,-18.80074,-17.45224,-18.82591,-18.75229,-11.32660,-10.10437,-12.39967,-11.67946,-11.18622,-11.06453,-12.56180,-3.01895,-10.68726,-12.10175,-13.97896,-13.66196,-9.49478,-7.40738,-18.34183,-18.84460,-13.57574,-14.99176,-14.24904
10/26/2016 18:36:27,0,0,0,0,0,-17.88406,-18.09807,3.61038,2.50498,-16.79535,-17.18750,-17.58575,-18.80112,-17.40189,-18.82858,-18.78510,-11.33118,-10.13107,-12.41913,-11.71417,-11.19576,-11.07254,-12.56638,-3.09219,-10.70023,-12.10861,-14.00909,-13.68027,-9.50546,-7.41806,-18.31818,-18.83698,-13.60168,-14.99939,-14.26773
10/26/2016 18:36:47,0,0,0,0,0,-17.89093,-18.12553,3.51867,2.45653,-16.80832,-17.17949,-17.55600,-18.78319,-17.41829,-18.81638,-18.76678,-11.36093,-10.15358,-12.42142,-11.70845,-11.19385,-11.07941,-12.56485,-3.07426,-10.70480,-12.12463,-13.99612,-13.68370,-9.51080,-7.41196,-18.33000,-18.83888,-13.58833,-14.98909,-14.26048
10/26/2016 18:37:07,0,0,0,0,0,-17.84439,-18.11981,3.43703,2.42559,-16.80717,-17.16537,-17.59109,-18.78052,-17.41180,-18.80188,-18.75305,-11.34186,-10.15472,-12.39204,-11.71608,-11.19614,-11.07941,-12.55569,-3.02124,-10.69756,-12.12196,-14.00986,-13.68408,-9.52301,-7.43523,-18.31779,-18.83049,-13.59444,-14.99786,-14.26506
10/26/2016 18:37:27,0,0,0,0,0,-17.88750,-18.12096,3.37081,2.40248,-16.81595,-17.18369,-17.60101,-18.78128,-17.43546,-18.80989,-18.74542,-11.36818,-10.14481,-12.42180,-11.72066,-11.20758,-11.08589,-12.57629,-3.12462,-10.72083,-12.13875,-14.01024,-13.69209,-9.52339,-7.44019,-18.31894,-18.83392,-13.59940,-14.99863,-14.26659
10/26/2016 18:37:47,0,0,0,0,0,-17.88712,-18.11829,3.27693,2.35349,-16.78543,-17.16309,-17.53998,-18.77670,-17.38319,-18.78777,-18.74123,-11.38649,-10.18143,-12.44087,-11.72638,-11.21292,-11.10153,-12.58392,-3.14140,-10.73036,-12.14066,-14.01100,-13.69095,-9.54285,-7.45850,-18.31741,-18.82248,-13.59253,-14.99481,-14.26430
10/26/2016 18:38:07,0,0,0,0,0,-17.86270,-18.10455,3.19893,2.34313,-16.79153,-17.15775,-17.51328,-18.74771,-17.40112,-18.78204,-18.74008,-11.39259,-10.19440,-12.44812,-11.73019,-11.22589,-11.11450,-12.59155,-3.11394,-10.74295,-12.13875,-14.01787,-13.68713,-9.56230,-7.49207,-18.28995,-18.80341,-13.59940,-15.00397,-14.27383
10/26/2016 18:38:27,0,0,0,0,0,-17.84439,-18.11142,3.13881,2.29617,-16.78505,-17.14249,-17.52472,-18.74351,-17.35725,-18.76144,-18.70689,-11.39717,-10.20355,-12.44278,-11.73592,-11.22398,-11.10802,-12.57210,-3.10440,-10.73837,-12.14943,-14.00986,-13.69171,-9.56421,-7.50237,-18.17741,-18.73398,-13.58185,-14.97917,-14.23645
10/26/2016 18:38:47,0,0,0,0,0,-17.85202,-18.06870,3.04788,2.27154,-16.71371,-17.09023,-17.50336,-18.75381,-17.48734,-18.79997,-18.73627,-11.34911,-10.15854,-12.40845,-11.72714,-11.21674,-11.09772,-12.56332,-3.23410,-10.73456,-12.12730,-13.95836,-13.64975,-9.54628,-7.48215,-18.22090,-18.73970,-13.53531,-14.92043,-14.19716
10/26/2016 18:39:27,0,0,0,0,0,-17.76581,-18.04237,2.99819,2.21716,-16.67023,-17.06238,-17.56096,-18.74504,-17.43126,-18.71758,-18.65883,-11.31134,-10.14023,-12.35962,-11.66725,-11.17096,-11.05423,-12.51297,-3.25661,-10.70328,-12.07733,-13.91678,-13.59482,-9.51309,-7.47795,-18.14651,-18.68896,-13.48763,-14.86015,-14.14452
10/26/2016 18:39:47,0,0,0,0,0,-17.77000,-18.04085,3.03342,2.19641,-16.66260,-17.05475,-17.57545,-18.72292,-17.46292,-18.73207,-18.67943,-11.25908,-10.08301,-12.32872,-11.63864,-11.17020,-11.03401,-12.49695,-3.27759,-10.68192,-12.06779,-13.92059,-13.58032,-9.50089,-7.48520,-18.13126,-18.67867,-13.48228,-14.84261,-14.13727
10/26/2016 18:40:07,0,0,0,0,0,-17.75055,-18.05725,3.07826,2.15907,-16.62216,-17.04254,-17.50450,-18.70842,-17.38739,-18.72139,-18.64700,-11.27853,-10.08911,-12.32185,-11.61308,-11.15112,-11.00845,-12.48779,-3.26729,-10.66666,-12.04071,-13.90915,-13.57422,-9.48715,-7.46880,-18.15491,-18.66684,-13.46130,-14.81972,-14.11476
10/26/2016 18:40:27,0,0,0,0,0,-17.74254,-18.05038,3.10317,2.17166,-16.64505,-17.17949,-17.61322,-18.64281,-17.23480,-18.71033,-18.64014,-11.25832,-10.09636,-12.32224,-11.62148,-11.13968,-11.00922,-12.50534,-3.35045,-10.67657,-12.05521,-13.89923,-13.57079,-9.48715,-7.46689,-18.12668,-18.67294,-13.52806,-14.87274,-14.17122
10/26/2016 18:40:47,0,0,0,0,0,-17.73834,-17.98859,3.11812,2.09427,-16.66107,-17.23213,-17.65060,-18.66684,-17.09595,-18.70995,-18.66760,-11.28693,-10.07843,-12.33101,-11.63559,-11.16371,-11.04546,-12.54539,-3.49045,-10.69412,-12.08191,-13.90457,-13.60512,-9.50546,-7.47299,-18.14995,-18.69087,-13.51128,-14.88266,-14.16664
10/26/2016 18:41:07,0,0,0,0,0,-17.71622,-17.97295,2.93795,2.05706,-16.65878,-17.25616,-17.68570,-18.64243,-17.16995,-18.67752,-18.63785,-11.28693,-10.14481,-12.31003,-11.64627,-11.17325,-11.06415,-12.54501,-3.46489,-10.70213,-12.10861,-13.87939,-13.58185,-9.52644,-7.51228,-18.15643,-18.68782,-13.53683,-14.88342,-14.16626
10/26/2016 18:41:27,0,0,0,0,0,-17.73987,-17.96608,2.71957,1.96756,-16.61644,-17.25273,-17.64526,-18.64700,-17.30957,-18.64891,-18.64204,-11.29417,-10.15167,-12.33788,-11.66344,-11.18546,-11.06453,-12.56943,-3.75671,-10.72769,-12.15668,-13.89008,-13.58643,-9.53903,-7.50580,-18.12134,-18.70041,-13.54561,-14.91013,-14.16893
10/26/2016 18:41:47,0,0,0,0,0,-17.77496,-18.02521,2.43124,1.83057,-16.67862,-17.29927,-17.67693,-18.65082,-17.26456,-18.59016,-18.63098,-11.27014,-10.09560,-12.29248,-11.64360,-11.15189,-11.11832,-12.61101,-4.17404,-10.77881,-12.21542,-13.96332,-13.64594,-9.56345,-7.51877,-18.13965,-18.71643,-13.60931,-14.97726,-14.18839
10/26/2016 18:42:07,0,0,0,0,0,-17.80815,-18.06412,1.87008,1.61083,-16.65573,-17.30652,-17.63535,-18.63594,-17.22755,-18.58368,-18.61496,-11.34911,-10.16464,-12.30774,-11.63864,-11.13510,-11.14426,-12.65640,-4.35753,-10.83984,-12.26349,-13.99879,-13.61542,-9.59129,-7.56302,-18.16711,-18.73093,-13.51662,-14.99481,-14.17809
10/26/2016 18:42:27,0,0,0,0,0,-17.79099,-18.07327,1.00935,1.26459,-16.66527,-17.28745,-17.62390,-18.64853,-17.16423,-18.61877,-18.63937,-11.33881,-10.01968,-12.18643,-11.53259,-11.01074,-11.05041,-12.57401,-3.81241,-10.87799,-12.18834,-13.90915,-13.45367,-9.55124,-7.55692,-18.20030,-18.72559,-13.52959,-14.97955,-14.19754
10/26/2016 18:42:47,0,0,0,0,0,-17.78679,-18.14232,-0.06142,0.72796,-16.65192,-17.29889,-17.62390,-18.65234,-17.16270,-18.59894,-18.63594,-11.49597,-10.25238,-12.28065,-11.58295,-10.92987,-10.99548,-12.46567,-2.74429,-10.83794,-12.02736,-13.87253,-13.40599,-9.58939,-7.52487,-18.20412,-18.74161,-13.72032,-15.00320,-14.24866
10/26/2016 18:43:07,0,0,0,0,0,-17.90314,-18.20984,-1.30920,0.26534,-16.70074,-17.32445,-17.57889,-18.63556,-17.17682,-18.66379,-18.62869,-11.63025,-10.29968,-12.30164,-11.59286,-10.91347,-11.00998,-12.45956,-2.50740,-10.85587,-11.98273,-13.88626,-13.46664,-9.68895,-7.51572,-18.22586,-18.75000,-13.79929,-15.03601,-14.31274
10/26/2016 18:43:27,0,0,0,0,0,-17.90543,-18.23311,-2.71149,-0.11101,-16.75491,-17.32864,-17.55943,-18.64471,-17.18750,-18.66684,-18.61610,-11.72409,-10.40344,-12.38976,-11.66153,-10.96458,-11.04355,-12.47673,-2.42882,-10.87952,-11.98158,-13.91983,-13.48457,-9.76486,-7.53784,-18.26782,-18.78166,-13.90686,-15.09666,-14.37683
10/26/2016 18:43:47,0,0,0,0,0,-17.95349,-18.26515,-4.18015,-0.52299,-16.82472,-17.35344,-17.57774,-18.66608,-17.24739,-18.70918,-18.64014,-11.73782,-10.40764,-12.41989,-11.70235,-11.02715,-11.19385,-12.58011,-2.66418,-10.97641,-12.12997,-13.99078,-13.59940,-9.92546,-7.64198,-18.30177,-18.80074,-14.01901,-15.17982,-14.45465
10/26/2016 18:44:27,0,0,0,0,0,-18.15376,-18.31474,-6.81648,-1.07918,-17.01202,-17.40150,-17.65862,-18.66302,-17.23137,-18.75153,-18.65845,-11.85837,-10.49042,-12.52594,-11.84845,-11.27472,-11.31516,-12.69608,-2.96707,-11.13358,-12.23602,-14.09454,-13.70010,-10.14633,-7.89986,-18.31627,-18.84651,-14.21204,-15.32555,-14.61868
10/26/2016 18:45:07,0,0,0,0,0,-18.26363,-18.36586,-8.90503,-1.76201,-17.14134,-17.45605,-17.66548,-18.68896,-17.34123,-18.78242,-18.68744,-11.92017,-10.62927,-12.75253,-12.12997,-11.41815,-11.41510,-12.82654,-3.69186,-11.33690,-12.42714,-14.18839,-13.81378,-10.25734,-8.02879,-18.37540,-18.89076,-14.30893,-15.44991,-14.75296
10/26/2016 18:45:27,0,0,0,0,0,-18.32123,-18.40630,-9.71489,-2.10228,-17.22412,-17.44843,-17.72041,-18.74695,-17.37785,-18.80112,-18.71567,-12.00562,-10.76889,-12.84103,-12.18033,-11.51657,-11.54327,-12.90321,-3.88947,-11.39832,-12.47482,-14.25362,-13.91182,-10.40230,-8.17032,-18.41927,-18.91251,-14.40544,-15.51590,-14.83459
10/26/2016 18:45:47,0,0,0,0,0,-18.35403,-18.42880,-10.35728,-2.37885,-17.26837,-17.45415,-17.66739,-18.71986,-17.38510,-18.80798,-18.70461,-12.08458,-10.92300,-12.92343,-12.23869,-11.59973,-11.59630,-12.93716,-4.06952,-11.47156,-12.56943,-14.27307,-13.92212,-10.49538,-8.32214,-18.43529,-18.92624,-14.50195,-15.59143,-14.89449
10/26/2016 18:46:07,0,0,0,0,0,-18.35709,-18.43681,-10.90202,-2.67296,-17.33932,-17.48848,-17.72766,-18.71223,-17.43851,-18.82095,-18.72559,-12.15210,-11.02371,-13.03024,-12.37564,-11.71112,-11.68900,-12.99896,-4.08134,-11.49635,-12.59422,-14.32076,-13.96255,-10.60410,-8.44727,-18.45589,-18.93539,-14.55193,-15.63301,-14.96277
10/26/2016 18:46:27,0,0,0,0,0,-18.34831,-18.44254,-11.35101,-2.88467,-17.38663,-17.47093,-17.74979,-18.72063,-17.46750,-18.84727,-18.74771,-12.26044,-11.19461,-13.12790,-12.46262,-11.80038,-11.67984,-13.00621,-3.93791,-11.54137,-12.64191,-14.38408,-13.97018,-10.66971,-8.53729,-18.48526,-18.95828,-14.63165,-15.69214,-15.02571
10/26/2016 18:47:07,0,0,0,0,0,-18.40172,-18.47725,-12.09259,-3.33939,-17.48352,-17.52548,-17.75589,-18.74847,-17.50107,-18.85567,-18.76221,-12.44125,-11.35941,-13.23395,-12.54883,-11.83281,-11.71074,-13.13019,-4.10995,-11.68289,-12.80899,-14.51492,-14.01024,-10.69946,-8.59871,-18.53523,-18.99528,-14.74380,-15.78140,-15.15694
10/26/2016 18:47:47,0,0,0,0,0,-18.52913,-18.53943,-12.57553,-3.83568,-17.57240,-17.53769,-17.84058,-18.76678,-17.55219,-18.88504,-18.77632,-12.61787,-11.52802,-13.31863,-12.58698,-11.80038,-11.80649,-13.30566,-4.94347,-11.92932,-13.05733,-14.66904,-14.11285,-10.73837,-8.58917,-18.59360,-19.03687,-14.85977,-15.86952,-15.26260
10/26/2016 18:48:07,0,0,0,0,0,-18.52837,-18.56918,-12.76131,-4.03824,-17.63992,-17.58118,-17.82837,-18.76144,-17.56859,-18.89267,-18.80722,-12.74719,-11.62491,-13.30071,-12.51564,-11.78741,-11.94916,-13.45978,-5.52979,-12.10632,-13.23013,-14.75677,-14.23492,-10.85167,-8.66470,-18.60962,-19.05899,-14.96162,-15.92712,-15.32288
10/26/2016 18:48:27,0,0,0,0,0,-18.59436,-18.59436,-12.87498,-4.25682,-17.63077,-17.59491,-17.82990,-18.79234,-17.59834,-18.90106,-18.82286,-12.76855,-11.60316,-13.33122,-12.51755,-11.82938,-12.04605,-13.50937,-5.94330,-12.21542,-13.35220,-14.79759,-14.28375,-10.90622,-8.77151,-18.63098,-19.07730,-14.95666,-15.96298,-15.35492
10/26/2016 18:48:47,0,0,0,0,0,-18.59779,-18.60123,-12.99515,-4.41246,-17.68799,-17.63687,-17.88902,-18.80913,-17.60254,-18.94341,-18.86215,-12.83951,-11.70311,-13.38806,-12.56828,-11.87248,-12.15591,-13.58719,-5.99518,-12.27760,-13.39340,-14.85214,-14.34364,-10.99701,-8.85315,-18.65387,-19.09294,-15.04135,-16.00418,-15.41214
10/26/2016 18:49:07,0,0,0,0,0,-18.64319,-18.63861,-13.08556,-4.55284,-17.71317,-17.64069,-17.86041,-18.82324,-17.60406,-18.95447,-18.85223,-12.86850,-11.68442,-13.34381,-12.57324,-12.01477,-12.29630,-13.67455,-6.21567,-12.34169,-13.51204,-14.93835,-14.46075,-11.20415,-9.07669,-18.66150,-19.11278,-15.11154,-16.03851,-15.46898
10/26/2016 18:49:27,0,0,0,0,0,-18.63976,-18.65463,-13.19046,-4.71725,-17.74063,-17.66891,-17.91306,-18.82629,-17.66052,-18.96973,-18.87970,-12.95776,-11.77826,-13.43460,-12.65869,-12.07924,-12.37297,-13.69591,-6.32401,-12.40120,-13.54523,-14.94560,-14.44092,-11.25336,-9.15146,-18.68858,-19.12689,-15.12527,-16.06369,-15.49873
10/26/2016 18:49:47,0,0,0,0,0,-18.67409,-18.67447,-13.27171,-4.86908,-17.74673,-17.65442,-17.89627,-18.83507,-17.66434,-18.97125,-18.87589,-12.95967,-11.82251,-13.48190,-12.68768,-12.07275,-12.37793,-13.75351,-6.44684,-12.45575,-13.57880,-14.99786,-14.52675,-11.32584,-9.25674,-18.69049,-19.13147,-15.18784,-16.09268,-15.54108
10/26/2016 18:50:07,0,0,0,0,0,-18.69469,-18.66684,-13.33847,-4.96063,-17.79861,-17.69180,-17.95425,-18.87016,-17.68799,-18.96057,-18.89610,-12.96616,-11.76300,-13.45215,-12.72964,-12.24747,-12.54501,-13.82675,-6.49605,-12.49161,-13.62000,-15.00053,-14.52751,-11.40480,-9.38072,-18.70499,-19.14444,-15.23972,-16.12701,-15.57159
10/26/2016 18:50:27,0,0,0,0,0,-18.69698,-18.69354,-13.35449,-5.03426,-17.80548,-17.65976,-17.90314,-18.84155,-17.69638,-18.96095,-18.89000,-12.97150,-11.78894,-13.53340,-12.80518,-12.26692,-12.58240,-13.87749,-6.62460,-12.56180,-13.67683,-15.02228,-14.53018,-11.46393,-9.47418,-18.71300,-19.14520,-15.28320,-16.15677,-15.60326
10/26/2016 18:50:47,0,0,0,0,0,-18.72864,-18.69164,-13.43994,-5.15060,-17.83142,-17.68684,-17.95464,-18.88123,-17.73834,-18.99796,-18.91403,-12.99896,-11.89957,-13.59215,-12.82539,-12.26540,-12.62589,-13.89999,-6.70395,-12.59308,-13.71117,-15.11230,-14.63089,-11.53984,-9.53255,-18.73093,-19.17038,-15.30075,-16.18042,-15.62729
10/26/2016 18:51:07,0,0,0,0,0,-18.73512,-18.71872,-13.45558,-5.20477,-17.86766,-17.71927,-17.98325,-18.86940,-17.72385,-19.00787,-18.90411,-13.07220,-11.84006,-13.59291,-12.89139,-12.40730,-12.70332,-13.96294,-6.75316,-12.65183,-13.75389,-15.14931,-14.67361,-11.63635,-9.65500,-18.75076,-19.18640,-15.32059,-16.20636,-15.66086
10/26/2016 18:51:47,0,0,0,0,0,-18.77899,-18.75992,-13.53531,-5.40962,-17.90848,-17.74864,-17.99088,-18.91174,-17.77496,-19.03458,-18.93883,-13.10501,-11.87973,-13.66730,-13.01460,-12.53357,-12.73575,-14.01787,-6.93321,-12.75177,-13.86414,-15.18784,-14.69383,-11.73248,-9.80606,-18.78891,-19.21082,-15.39230,-16.24832,-15.71732
10/26/2016 18:52:27,0,0,0,0,0,-18.80913,-18.78433,-13.58948,-5.57938,-17.94357,-17.79022,-18.05496,-18.91861,-17.79213,-19.06662,-18.98117,-13.24959,-11.94534,-13.69019,-13.03024,-12.59041,-12.90283,-14.10904,-6.98700,-12.81929,-13.92097,-15.24887,-14.78500,-11.81641,-9.89838,-18.82248,-19.25316,-15.44876,-16.30669,-15.77454
10/26/2016 18:52:47,0,0,0,0,0,-18.85338,-18.81256,-13.63640,-5.60379,-17.94968,-17.75818,-18.03665,-18.96362,-17.81616,-19.09828,-18.99261,-13.28430,-12.00981,-13.74435,-13.05084,-12.64915,-12.88490,-14.10370,-7.11746,-12.89978,-13.92822,-15.27519,-14.84947,-11.89270,-9.97772,-18.84537,-19.26537,-15.47508,-16.32843,-15.79933
10/26/2016 18:53:07,0,0,0,0,0,-18.87627,-18.83469,-13.66806,-5.74760,-18.00423,-17.83676,-18.07251,-18.94264,-17.82532,-19.09332,-18.99834,-13.18626,-11.95183,-13.78479,-13.12523,-12.71553,-12.91618,-14.14795,-7.24640,-12.90932,-13.98163,-15.31143,-14.85977,-11.94839,-10.04753,-18.84651,-19.27185,-15.48767,-16.34636,-15.81688
10/26/2016 18:53:47,0,0,0,0,0,-18.85681,-18.84651,-13.64708,-5.81055,-17.98782,-17.83524,-18.07251,-18.97850,-17.82227,-19.12079,-19.02390,-13.34190,-12.04185,-13.80615,-13.16299,-12.78839,-13.04092,-14.23111,-7.38068,-12.99706,-14.08157,-15.36560,-14.93988,-12.05215,-10.16197,-18.87360,-19.30008,-15.53345,-16.38756,-15.86838
10/26/2016 18:54:27,0,0,0,0,0,-18.89076,-18.83278,-13.73405,-5.94940,-18.04657,-17.80930,-18.08205,-18.99872,-17.84096,-19.11087,-19.02847,-13.29994,-12.04681,-13.86414,-13.29575,-12.98676,-13.05237,-14.22882,-7.34825,-13.02948,-14.07051,-15.43198,-15.02075,-12.19444,-10.31876,-18.89572,-19.31763,-15.61661,-16.43715,-15.92369
10/26/2016 18:54:47,0,0,0,0,0,-18.89572,-18.87360,-13.78059,-5.98412,-18.05801,-17.84973,-18.05801,-18.98727,-17.83981,-19.11850,-19.03687,-13.27248,-12.08038,-13.93433,-13.36746,-12.96577,-13.11264,-14.28528,-7.37419,-13.06572,-14.13612,-15.42244,-14.98489,-12.18567,-10.32181,-18.91556,-19.32907,-15.61508,-16.44630,-15.93399
10/26/2016 18:55:27,0,0,0,0,0,-18.90373,-18.89267,-13.81226,-6.08063,-18.07175,-17.87949,-18.07060,-19.00330,-17.83485,-19.15131,-19.07349,-13.36021,-12.11472,-13.94920,-13.38539,-13.06992,-13.17787,-14.33487,-7.56378,-13.13934,-14.18953,-15.47241,-15.07530,-12.29248,-10.43930,-18.93120,-19.35196,-15.67841,-16.47949,-15.97748
10/26/2016 18:55:47,0,0,0,0,0,-18.94913,-18.90411,-13.80806,-6.09550,-18.10837,-17.90695,-18.12286,-19.03534,-17.89284,-19.16771,-19.08493,-13.45520,-12.20856,-13.98582,-13.39645,-13.04245,-13.20419,-14.35204,-7.44934,-13.15002,-14.16206,-15.45219,-14.99405,-12.23831,-10.41260,-18.94913,-19.36722,-15.71007,-16.50810,-15.99617
10/26/2016 18:56:07,0,0,0,0,0,-18.97926,-18.94989,-13.82523,-6.17905,-18.14346,-17.91267,-18.12096,-19.02695,-17.89627,-19.19212,-19.10896,-13.45062,-12.24442,-14.02168,-13.40294,-13.03520,-13.23166,-14.38370,-7.53212,-13.17139,-14.21127,-15.53497,-15.13290,-12.33711,-10.49576,-18.97354,-19.38705,-15.69443,-16.51154,-15.99846
10/26/2016 18:56:47,0,0,0,0,0,-18.98270,-18.95409,-13.88741,-6.25153,-18.16330,-17.92831,-18.15796,-19.04068,-17.90619,-19.21272,-19.09218,-13.49792,-12.31728,-14.08615,-13.51776,-13.10883,-13.22861,-14.41116,-7.50542,-13.19542,-14.21776,-15.55176,-15.10696,-12.31461,-10.49118,-18.98804,-19.41452,-15.74097,-16.56036,-16.04233
10/26/2016 18:57:07,0,0,0,0,0,-19.00482,-18.96667,-13.90724,-6.27327,-18.15491,-17.91840,-18.18237,-19.06853,-17.92831,-19.20090,-19.11316,-13.52959,-12.36916,-14.13956,-13.55019,-13.12332,-13.25073,-14.42719,-7.77130,-13.26447,-14.30397,-15.56702,-15.10086,-12.31346,-10.49728,-18.99796,-19.40613,-15.76996,-16.57104,-16.05721
10/26/2016 18:57:27,0,0,0,0,0,-19.00139,-18.94836,-13.93890,-6.32324,-18.19878,-17.96646,-18.11714,-19.07539,-17.90504,-19.21463,-19.11278,-13.50517,-12.33444,-14.13269,-13.53607,-13.14201,-13.30643,-14.48288,-7.76138,-13.30032,-14.30702,-15.53726,-15.09552,-12.32681,-10.53009,-19.00482,-19.41681,-15.79361,-16.58096,-16.07857
10/26/2016 18:57:47,0,0,0,0,0,-19.00558,-18.96667,-13.94119,-6.33698,-18.13927,-17.94319,-18.15109,-19.10095,-17.95998,-19.20395,-19.12308,-13.60626,-12.45880,-14.14528,-13.51013,-13.05923,-13.33847,-14.50424,-7.78580,-13.31787,-14.32724,-15.60059,-15.17181,-12.33597,-10.52704,-19.00673,-19.42062,-15.78484,-16.58821,-16.07704
10/26/2016 18:58:07,0,0,0,0,0,-19.00787,-18.96553,-13.98125,-6.36406,-18.21136,-17.94891,-18.18466,-19.07997,-17.89780,-19.19975,-19.14749,-13.64594,-12.41608,-14.13803,-13.48572,-13.07716,-13.37814,-14.53400,-7.77206,-13.30681,-14.32076,-15.62653,-15.17525,-12.37411,-10.53581,-19.00444,-19.41566,-15.82260,-16.60881,-16.10336
10/26/2016 18:58:47,0,0,0,0,0,-19.04144,-19.00825,-14.00146,-6.39076,-18.20068,-17.96188,-18.17856,-19.10667,-17.95921,-19.23637,-19.13986,-13.60550,-12.41760,-14.18839,-13.57574,-13.17596,-13.35716,-14.52255,-7.87354,-13.36784,-14.39133,-15.63873,-15.16190,-12.40311,-10.64758,-19.03038,-19.45076,-15.81116,-16.61415,-16.11862
10/26/2016 18:59:07,0,0,0,0,0,-19.02771,-19.03000,-14.01596,-6.47202,-18.21709,-17.98706,-18.15338,-19.10934,-17.93518,-19.21539,-19.14482,-13.65662,-12.50458,-14.19830,-13.57002,-13.15956,-13.36823,-14.54239,-7.98416,-13.40714,-14.43634,-15.62576,-15.15274,-12.38976,-10.62317,-19.02313,-19.43436,-15.85274,-16.64314,-16.13884
10/26/2016 18:59:27,0,0,0,0,0,-19.04259,-19.00330,-14.00795,-6.50330,-18.27240,-17.98859,-18.17551,-19.10019,-17.93060,-19.23485,-19.17038,-13.67950,-12.48207,-14.17618,-13.56812,-13.22174,-13.45978,-14.56680,-7.93457,-13.38425,-14.41612,-15.67116,-15.22484,-12.50610,-10.71243,-19.05594,-19.45801,-15.86456,-16.64734,-16.15181
10/26/2016 18:59:47,0,0,0,0,0,-19.05174,-19.04793,-14.03351,-6.51627,-18.24493,-17.98553,-18.19038,-19.13528,-17.96722,-19.26041,-19.18297,-13.68637,-12.55455,-14.21585,-13.55629,-13.17978,-13.40752,-14.58588,-7.86591,-13.42278,-14.41765,-15.67001,-15.20996,-12.49847,-10.69946,-19.05136,-19.45724,-15.86494,-16.64619,-16.14761
10/26/2016 19:00:07,0,0,0,0,0,-19.04373,-19.03076,-14.05945,-6.55060,-18.27240,-18.00880,-18.17856,-19.11964,-17.95883,-19.27414,-19.17267,-13.71765,-12.54463,-14.24103,-13.61008,-13.23318,-13.43613,-14.55002,-7.74841,-13.38730,-14.41879,-15.69519,-15.24620,-12.54730,-10.73952,-19.06281,-19.47632,-15.88974,-16.67557,-16.17012
10/26/2016 19:00:27,0,0,0,0,0,-19.07082,-19.02123,-14.04610,-6.56471,-18.28003,-18.00728,-18.22586,-19.12651,-17.96799,-19.26270,-19.18030,-13.77678,-12.56752,-14.22577,-13.59978,-13.23776,-13.49182,-14.60991,-7.81517,-13.40981,-14.40659,-15.70168,-15.25726,-12.54501,-10.74829,-19.06967,-19.48509,-15.90042,-16.68701,-16.17813
10/26/2016 19:00:47,0,0,0,0,0,-19.08150,-19.05823,-14.04648,-6.59561,-18.27049,-18.03589,-18.22777,-19.14368,-18.00385,-19.29359,-19.17534,-13.72871,-12.49161,-14.23378,-13.65356,-13.31787,-13.55667,-14.58588,-7.78732,-13.39951,-14.41040,-15.72571,-15.27519,-12.59613,-10.78873,-19.06509,-19.48547,-15.89661,-16.69655,-16.18729
10/26/2016 19:01:07,0.14,1.8,0,0,0,-19.06662,-19.04907,-14.06860,-6.60477,-18.29300,-18.03818,-18.25523,-19.15283,-17.99774,-19.26498,-19.17496,-13.79318,-12.53891,-14.22882,-13.64517,-13.36212,-13.50098,-14.63242,-7.86667,-13.44528,-14.45236,-15.74936,-15.30800,-12.59537,-10.82420,-19.07501,-19.48242,-15.91454,-16.70914,-16.19873
10/26/2016 19:01:27,0.14,1.8,0,0,now turning preheat on,-19.06967,-19.04984,-14.06708,-6.63300,-18.27850,-17.82990,-17.99469,-18.97697,-17.81998,-18.97659,-19.02237,-13.65967,-12.46986,-14.27307,-13.71460,-13.38768,-13.53836,-14.61639,-7.84683,-13.45863,-14.44778,-15.75165,-15.37170,-12.64343,-10.86731,-19.10591,-19.48586,-15.93437,-16.72363,-16.21399
10/26/2016 19:01:47,0.14,1.8,0,0,now turning preheat on,-19.09561,-19.03801,-14.08997,-6.67801,-18.30902,-17.55295,-17.75284,-18.88885,-17.68188,-18.83316,-18.92166,-13.57498,-12.48665,-14.31961,-13.83286,-13.49106,-13.54485,-14.65607,-7.95937,-13.48953,-14.47525,-15.76157,-15.37132,-12.66785,-10.91919,-19.10820,-19.49997,-15.96985,-16.74232,-16.24489
10/26/2016 19:02:07,0.14,1.8,0,25.9W, preheat on,-19.06509,-19.05289,-14.09531,-6.69403,-18.32352,-17.52853,-17.72957,-18.86826,-17.66739,-18.81332,-18.91479,-13.63297,-12.50572,-14.32724,-13.79547,-13.47351,-13.57498,-14.67323,-7.99179,-13.51700,-14.51797,-15.77454,-15.39612,-12.73193,-10.95657,-19.10973,-19.49005,-15.97137,-16.74004,-16.25175
10/26/2016 19:02:27,0.14,1.8,0,25.9W, preheat on,-19.07120,-19.04602,-14.10446,-6.69937,-18.34183,-17.56897,-17.79900,-18.86635,-17.68417,-18.84384,-18.92242,-13.58871,-12.49542,-14.35127,-13.86719,-13.51013,-13.59978,-14.70375,-8.14590,-13.57574,-14.56642,-15.79285,-15.40985,-12.75711,-10.98480,-19.10667,-19.48471,-15.96527,-16.75415,-16.25557
10/26/2016 19:02:47,0.14,1.8,0,25.9W, preheat on,-19.09218,-19.02924,-14.10751,-6.69708,-18.33458,-17.54837,-17.71545,-18.85109,-17.66014,-18.82553,-18.91785,-13.71422,-12.61749,-14.38751,-13.84926,-13.51013,-13.59253,-14.68163,-8.02193,-13.54027,-14.53438,-15.80467,-15.40146,-12.73842,-10.99472,-19.11392,-19.49158,-15.97672,-16.76788,-16.26740
10/26/2016 19:03:27,0.14,1.8,0,25.9W, preheat on,-19.07005,-19.06509,-14.14299,-6.68411,-18.30063,-17.55562,-17.83638,-18.86978,-17.68951,-18.84041,-18.90984,-13.71765,-12.55264,-14.34593,-13.79318,-13.45901,-13.63640,-14.73846,-8.23708,-13.63297,-14.59236,-15.77950,-15.37819,-12.71515,-10.96153,-19.10820,-19.49081,-15.93590,-16.75797,-16.25710
10/26/2016 19:04:07,0.14,1.7,0,25.9W, preheat on,-19.10439,-19.07196,-14.15710,-6.68335,-18.31322,-17.59605,-17.84706,-18.88046,-17.68951,-18.86444,-18.92204,-13.65585,-12.51984,-14.36539,-13.87138,-13.53226,-13.66196,-14.77890,-8.19855,-13.61809,-14.59122,-15.81268,-15.39917,-12.74567,-11.01151,-19.12460,-19.49463,-15.97900,-16.78543,-16.27045
10/26/2016 19:04:27,0.14,1.7,0,25.9W, preheat on,-19.07196,-19.04449,-14.14108,-6.67953,-18.33801,-17.57851,-17.78870,-18.83774,-17.59109,-18.83469,-18.89114,-13.66844,-12.52518,-14.38408,-13.87367,-13.53989,-13.64708,-14.77776,-8.22067,-13.65204,-14.60991,-15.82298,-15.43999,-12.74719,-11.00540,-19.10934,-19.48738,-15.99274,-16.78581,-16.27808
10/26/2016 19:05:07,0.14,1.7,0,25.9W, preheat on,-19.10973,-19.03534,-14.14261,-6.74896,-18.30826,-17.54265,-17.79518,-18.84460,-17.63878,-18.81256,-18.87512,-13.76572,-12.62627,-14.39934,-13.83591,-13.45291,-13.61923,-14.76479,-8.09555,-13.60970,-14.59656,-15.80353,-15.35645,-12.70447,-10.98976,-19.09294,-19.46716,-15.96336,-16.78162,-16.26587
10/26/2016 19:05:27,0.14,1.7,0,25.9W, preheat on,-19.05518,-19.05212,-14.16130,-6.74667,-18.31093,-17.54150,-17.81311,-18.83774,-17.63229,-18.78624,-18.86368,-13.77144,-12.67052,-14.40277,-13.79166,-13.40714,-13.64670,-14.75525,-8.17604,-13.61847,-14.61792,-15.82642,-15.39459,-12.70752,-10.96306,-19.08951,-19.47174,-15.97519,-16.77055,-16.26740
10/26/2016 19:05:47,0.14,1.7,0,25.9W, preheat on,-19.05441,-19.03152,-14.16130,-6.76270,-18.27698,-17.51595,-17.81311,-18.85300,-17.62657,-18.80264,-18.87283,-13.77144,-12.62894,-14.35928,-13.80959,-13.44948,-13.61389,-14.74228,-8.10318,-13.60092,-14.56451,-15.80849,-15.37247,-12.70218,-10.97183,-19.08264,-19.46869,-15.97404,-16.75797,-16.26205
10/26/2016 19:06:07,0.14,1.7,0,25.9W, preheat on,-19.06281,-19.00330,-14.15825,-6.74286,-18.28003,-17.51709,-17.76772,-18.82706,-17.59224,-18.80722,-18.86902,-13.78326,-12.67471,-14.39857,-13.85612,-13.47885,-13.57574,-14.73045,-8.05931,-13.60168,-14.56299,-15.80887,-15.37056,-12.66975,-10.94246,-19.07463,-19.44809,-15.96642,-16.76712,-16.25824
10/26/2016 19:06:47,0.14,1.7,0,25.9W, preheat on,-19.06509,-19.02084,-14.17732,-6.76880,-18.29224,-17.52777,-17.79633,-18.78738,-17.60635,-18.78319,-18.84880,-13.74664,-12.60376,-14.36844,-13.82179,-13.48763,-13.59940,-14.72130,-8.12416,-13.59787,-14.56375,-15.81650,-15.42053,-12.76627,-11.03363,-19.07272,-19.44466,-15.97977,-16.74385,-16.25671
10/26/2016 19:07:27,0.14,1.7,0,25.9W, preheat on,-19.04984,-18.99490,-14.15596,-6.81152,-18.26706,-17.49115,-17.71736,-18.78014,-17.58347,-18.75038,-18.83774,-13.72414,-12.54959,-14.33792,-13.82370,-13.56201,-13.68484,-14.75716,-8.06923,-13.60550,-14.57939,-15.80658,-15.38849,-12.80785,-11.10954,-19.06433,-19.44046,-15.98511,-16.75644,-16.26129
10/26/2016 19:07:47,0.14,1.7,0,25.9W, preheat on,-19.02123,-19.02924,-14.16397,-6.82068,-18.28537,-17.51556,-17.69562,-18.78777,-17.61360,-18.76755,-18.83354,-13.65967,-12.53052,-14.37302,-13.92365,-13.63678,-13.66959,-14.75449,-8.12263,-13.62343,-14.54620,-15.80353,-15.44418,-12.84447,-11.13129,-19.05975,-19.43970,-16.00037,-16.76712,-16.26205
10/26/2016 19:08:07,0.14,1.7,0,25.9W, preheat on,-19.05327,-18.98079,-14.14871,-6.84280,-18.29834,-17.49878,-17.72461,-18.78433,-17.54150,-18.79883,-18.84995,-13.65662,-12.61902,-14.40353,-13.86757,-13.54370,-13.69629,-14.77394,-8.20694,-13.65128,-14.58244,-15.78140,-15.41519,-12.79945,-11.09581,-19.06128,-19.42978,-15.95573,-16.75415,-16.24985
10/26/2016 19:08:27,0.14,1.7,0,25.9W, preheat on,-19.03152,-18.97316,-14.15749,-6.83289,-18.22891,-17.50259,-17.71393,-18.77975,-17.54341,-18.75687,-18.82324,-13.77258,-12.64191,-14.37111,-13.83896,-13.49869,-13.65433,-14.75525,-8.23059,-13.61160,-14.57329,-15.80238,-15.40489,-12.75215,-11.05728,-19.04221,-19.41071,-15.95764,-16.74881,-16.24107
10/26/2016 19:08:47,0.14,1.7,0,25.9W, preheat on,-19.03381,-18.95638,-14.13918,-6.81000,-18.24913,-17.49802,-17.76962,-18.73054,-17.54875,-18.69888,-18.77136,-13.72299,-12.65640,-14.40125,-13.86871,-13.51013,-13.65433,-14.74228,-8.30994,-13.62877,-14.60648,-15.78140,-15.41328,-12.74414,-11.06491,-19.02542,-19.40384,-15.96107,-16.74538,-16.23917
10/26/2016 19:09:27,0.14,1.7,0,25.9W, preheat on,-18.98613,-18.96133,-14.14795,-6.81000,-18.21518,-17.45491,-17.73033,-18.74123,-17.47971,-18.69850,-18.76640,-13.72070,-12.54196,-14.32915,-13.83057,-13.49258,-13.63792,-14.73389,-8.32291,-13.63907,-14.59160,-15.75699,-15.37399,-12.78076,-11.07254,-18.99834,-19.37943,-15.94200,-16.72745,-16.22200
10/26/2016 19:09:47,0.14,1.7,0,25.9W, preheat on,-18.99033,-18.94989,-14.13116,-6.85844,-18.21594,-17.44041,-17.67120,-18.72559,-17.46292,-18.68973,-18.77365,-13.72719,-12.56943,-14.34021,-13.78174,-13.45406,-13.67607,-14.74190,-8.36411,-13.64746,-14.59465,-15.73486,-15.36484,-12.76398,-11.04622,-18.99071,-19.37637,-15.93323,-16.71906,-16.21170
10/26/2016 19:10:07,0.14,1.7,0,25.9W, preheat on,-18.99185,-18.91937,-14.13879,-6.84166,-18.23082,-17.44614,-17.72232,-18.73169,-17.52167,-18.71338,-18.77136,-13.66158,-12.57401,-14.36501,-13.84811,-13.53531,-13.62114,-14.70566,-8.34122,-13.64021,-14.56947,-15.73791,-15.36484,-12.76169,-11.06720,-18.98499,-19.36874,-15.92865,-16.71143,-16.20712
10/26/2016 19:10:27,0.14,1.7,0,25.9W, preheat on,-18.98193,-18.92700,-14.14375,-6.84319,-18.20259,-17.44461,-17.71278,-18.70651,-17.48886,-18.67599,-18.75992,-13.66463,-12.58087,-14.34555,-13.84811,-13.52844,-13.69400,-14.71252,-8.36487,-13.61771,-14.57825,-15.71426,-15.33623,-12.79373,-11.10229,-18.98270,-19.36569,-15.91873,-16.69998,-16.19568
10/26/2016 19:10:47,0.14,1.7,0,25.9W,turning heat on,-18.94722,-18.91289,-14.16321,-6.84967,-18.16368,-17.42249,-17.69562,-18.67905,-17.49382,-18.67790,-18.74084,-12.68616,-11.85989,-12.92572,-12.68082,-12.65488,-12.60452,-13.05847,-8.12111,-12.38327,-12.90436,-13.97057,-12.87689,-11.81793,-10.54001,-18.92624,-19.35043,-15.49225,-15.12642,-14.80484
10/26/2016 19:11:07,0.14,1.7,7.7W,25.9W,heat on,-18.93578,-18.92128,-14.15825,-6.78444,-18.03741,-17.43622,-17.67387,-18.72864,-17.49496,-18.71758,-18.78929,-10.43243,-9.96094,-10.57281,-10.52856,-10.76241,-10.49995,-10.54688,-7.51839,-10.26344,-10.41718,-11.88393,-10.46104,-10.18295,-9.39407,-18.93806,-19.35081,-14.86511,-13.48190,-13.47160
10/26/2016 19:11:27,0.14,1.7,7.7W,25.9W,heat on,-18.92357,-18.89572,-14.10828,-6.73714,-17.99927,-17.44194,-17.69829,-18.68134,-17.53464,-18.67142,-18.73932,-8.88939,-8.50830,-8.98285,-8.95767,-9.23920,-8.96683,-8.92982,-6.89240,-8.68416,-8.75778,-10.65445,-8.97064,-8.84476,-8.27408,-18.94531,-19.35349,-14.44931,-12.55836,-12.73689
10/26/2016 19:11:47,0.14,1.7,7.7W,25.9W,heat on,-18.94760,-18.90488,-14.12392,-6.65092,-17.92984,-17.41638,-17.67845,-18.72177,-17.45911,-18.68172,-18.74161,-7.90558,-7.60841,-8.08182,-8.03566,-8.28438,-8.01239,-7.95326,-6.33240,-7.65114,-7.73888,-9.96017,-8.11081,-7.96890,-7.46498,-18.92014,-19.34013,-14.21051,-12.07390,-12.32681
10/26/2016 19:12:27,0.14,1.7,7.7W,25.9W,heat on,-18.90945,-18.90793,-14.14757,-6.57730,-17.87987,-17.42554,-17.63573,-18.68210,-17.41562,-18.67065,-18.76755,-6.99615,-6.61850,-7.12814,-7.03011,-7.22313,-6.99654,-6.97899,-5.68810,-6.54297,-6.72302,-9.28574,-7.26509,-6.93474,-6.39343,-18.91670,-19.33060,-13.96599,-11.62720,-11.94420
10/26/2016 19:13:07,0.14,1.7,7.7W,25.9W,heat on,-18.90717,-18.87360,-14.11095,-6.52046,-17.87758,-17.42020,-17.64946,-18.67027,-17.40379,-18.66150,-18.76068,-6.65283,-6.23856,-6.78558,-6.67076,-6.79169,-6.55060,-6.56204,-5.28564,-6.04897,-6.29692,-9.02863,-6.91643,-6.43196,-5.84145,-18.89725,-19.31229,-13.85345,-11.44791,-11.78665
10/26/2016 19:13:47,0.14,1.7,7.7W,25.9W,heat on,-18.90030,-18.87016,-14.08844,-6.54831,-17.85431,-17.41562,-17.68494,-18.67142,-17.44728,-18.67599,-18.74123,-6.50902,-6.04248,-6.58722,-6.44531,-6.55861,-6.31828,-6.37436,-5.13992,-5.80711,-6.08559,-8.90541,-6.75774,-6.16837,-5.54848,-18.89343,-19.30351,-13.83209,-11.38763,-11.71341
10/26/2016 19:14:07,0.14,1.7,7.7W,25.9W,heat on,-18.88275,-18.87589,-14.08997,-6.50978,-17.83295,-17.40265,-17.67349,-18.68286,-17.46750,-18.68820,-18.72635,-6.47812,-5.98373,-6.54297,-6.40411,-6.50101,-6.25801,-6.31561,-5.04074,-5.73120,-6.03027,-8.86307,-6.71043,-6.09512,-5.46455,-18.89648,-19.30466,-13.77678,-11.34186,-11.68671
10/26/2016 19:14:27,0.14,1.7,7.7W,25.9W,heat on,-18.87970,-18.85910,-14.08730,-6.51016,-17.82303,-17.41333,-17.69257,-18.68095,-17.47284,-18.65273,-18.72520,-6.44989,-5.93224,-6.50024,-6.35757,-6.44379,-6.22177,-6.28929,-5.03807,-5.68695,-5.99289,-8.84552,-6.68411,-6.03561,-5.39360,-18.89458,-19.30618,-13.78937,-11.33766,-11.68327
10/26/2016 19:15:07,0.14,1.7,7.7W,25.9W,heat on,-18.90335,-18.88504,-14.10370,-6.50024,-17.81998,-17.39960,-17.69180,-18.68095,-17.39960,-18.66226,-18.72177,-6.42357,-5.92728,-6.48766,-6.32095,-6.38809,-6.16608,-6.24428,-4.90265,-5.61790,-5.93834,-8.82492,-6.65855,-5.96657,-5.32188,-18.89420,-19.31686,-13.78250,-11.32774,-11.67374
10/26/2016 19:15:47,0.14,1.7,7.7W,25.9W,heat on,-18.89381,-18.85910,-14.07471,-6.49681,-17.83218,-17.41295,-17.63306,-18.69354,-17.40761,-18.67142,-18.73322,-6.40640,-5.92804,-6.48537,-6.32133,-6.37741,-6.12869,-6.20728,-4.80614,-5.56793,-5.89638,-8.81157,-6.63795,-5.92117,-5.26581,-18.88351,-19.31152,-13.77411,-11.31668,-11.66382
10/26/2016 19:16:07,0.14,1.7,7.7W,25.9W,heat on,-18.87932,-18.86330,-14.05334,-6.48804,-17.84286,-17.42630,-17.62657,-18.66837,-17.37404,-18.65730,-18.73970,-6.40106,-5.91583,-6.46057,-6.29921,-6.34575,-6.10046,-6.19812,-4.78172,-5.55344,-5.89523,-8.80508,-6.62727,-5.89066,-5.21774,-18.88504,-19.30923,-13.77182,-11.31630,-11.66000
10/26/2016 19:16:47,0.14,1.7,7.7W,25.9W,heat on,-18.86520,-18.86368,-14.06555,-6.46362,-17.82761,-17.40570,-17.62581,-18.66722,-17.39540,-18.60161,-18.69888,-6.39114,-5.88951,-6.44989,-6.29387,-6.34155,-6.09856,-6.19431,-4.85039,-5.53780,-5.88036,-8.80089,-6.62155,-5.87692,-5.20172,-18.87436,-19.30199,-13.77640,-11.30867,-11.65504
10/26/2016 19:17:27,0.14,1.7,7.7W,25.9W,heat on,-18.87550,-18.85376,-14.03809,-6.45866,-17.82341,-17.39769,-17.61932,-18.68591,-17.48886,-18.66379,-18.74237,-6.33354,-5.84488,-6.43425,-6.27594,-6.32591,-6.08368,-6.17676,-4.73747,-5.51453,-5.86014,-8.79593,-6.61240,-5.85861,-5.17769,-18.85338,-19.30275,-13.72948,-11.29379,-11.64513
10/26/2016 19:18:07,0.14,1.7,7.7W,25.9W,heat on,-18.89992,-18.85757,-14.04953,-6.46515,-17.83066,-17.40417,-17.63992,-18.68172,-17.42973,-18.66188,-18.73550,-6.36902,-5.87311,-6.43044,-6.26221,-6.31142,-6.06384,-6.15959,-4.75006,-5.49011,-5.84106,-8.78830,-6.59637,-5.83038,-5.14870,-18.86406,-19.29016,-13.71689,-11.28845,-11.63788
10/26/2016 19:18:27,0.14,1.7,7.7W,25.9W,heat on,-18.87894,-18.88008,-14.07547,-6.45294,-17.83485,-17.41371,-17.70363,-18.65692,-17.46140,-18.66150,-18.71300,-6.36826,-5.84793,-6.40450,-6.24313,-6.30379,-6.06422,-6.17180,-4.81071,-5.49583,-5.85747,-8.78525,-6.59370,-5.82199,-5.13954,-18.88771,-19.29932,-13.75122,-11.30180,-11.64703
10/26/2016 19:19:07,0.14,1.7,7.7W,25.9W,heat on,-18.88771,-18.90106,-14.05220,-6.45294,-17.83447,-17.42630,-17.66891,-18.66684,-17.49458,-18.66074,-18.72101,-6.35529,-5.82390,-6.40182,-6.24237,-6.29120,-6.05392,-6.16264,-4.77600,-5.48134,-5.83649,-8.78296,-6.59561,-5.81169,-5.12733,-18.87741,-19.32068,-13.79395,-11.31897,-11.65199
10/26/2016 19:19:27,0.14,1.7,7.7W,25.9W,heat on,-18.91518,-18.86826,-14.07852,-6.44455,-17.80510,-17.39883,-17.67120,-18.71147,-17.50603,-18.70766,-18.74504,-6.36826,-5.84335,-6.41098,-6.22787,-6.26602,-6.04248,-6.15005,-4.59442,-5.46150,-5.81169,-8.78143,-6.58760,-5.79147,-5.10368,-18.88885,-19.31534,-13.77411,-11.31096,-11.65199
10/26/2016 19:20:07,0.14,1.7,7.7W,25.9W,heat on,-18.90068,-18.87054,-14.07394,-6.45065,-17.85011,-17.42210,-17.67273,-18.70537,-17.48924,-18.67828,-18.73970,-6.34308,-5.83534,-6.42090,-6.25648,-6.30302,-6.05850,-6.16188,-4.70734,-5.47638,-5.84183,-8.79593,-6.59904,-5.80826,-5.12009,-18.89420,-19.31572,-13.75656,-11.30753,-11.65771
10/26/2016 19:20:47,0.14,1.7,7.7W,25.9W,heat on,-18.89305,-18.90526,-14.07928,-6.44684,-17.83752,-17.40379,-17.64946,-18.69392,-17.40265,-18.68858,-18.75839,-6.37589,-5.85861,-6.43158,-6.25992,-6.29959,-6.04553,-6.15845,-4.67911,-5.46722,-5.84068,-8.79288,-6.59714,-5.79453,-5.09872,-18.88542,-19.30237,-13.76305,-11.32126,-11.65848
10/26/2016 19:21:27,0.14,1.7,7.7W,25.9W,heat on,-18.89076,-18.88542,-14.07166,-6.40869,-17.81998,-17.41982,-17.65137,-18.69965,-17.44461,-18.66417,-18.74619,-6.36940,-5.85823,-6.41937,-6.24771,-6.29158,-6.04820,-6.16264,-4.70963,-5.47104,-5.83801,-8.79402,-6.60133,-5.79681,-5.10483,-18.90450,-19.32030,-13.76915,-11.31210,-11.66382
10/26/2016 19:21:47,0.14,1.7,7.7W,25.9W,heat on,-18.87589,-18.86978,-14.05869,-6.44302,-17.85736,-17.43164,-17.69180,-18.70193,-17.49496,-18.66798,-18.74313,-6.34346,-5.84106,-6.40182,-6.22406,-6.27899,-6.03981,-6.15921,-4.67339,-5.46150,-5.82390,-8.79021,-6.59866,-5.79147,-5.09720,-18.89496,-19.31229,-13.79013,-11.32431,-11.66267
10/26/2016 19:22:07,0.14,1.7,7.7W,25.9W,heat on,-18.90335,-18.89610,-14.10141,-6.43578,-17.83524,-17.42287,-17.66281,-18.67447,-17.42706,-18.64548,-18.77022,-6.36253,-5.84412,-6.40678,-6.23398,-6.28471,-6.04362,-6.16226,-4.76837,-5.46455,-5.83382,-8.79555,-6.60133,-5.79147,-5.09491,-18.90259,-19.31725,-13.76801,-11.31248,-11.66687
10/26/2016 19:22:47,0.14,1.7,7.7W,25.9W,heat on,-18.90144,-18.91518,-14.07661,-6.44112,-17.85965,-17.44080,-17.70210,-18.69087,-17.45071,-18.68591,-18.77747,-6.35719,-5.84641,-6.42700,-6.26030,-6.30341,-6.05011,-6.16379,-4.73099,-5.46570,-5.83153,-8.80699,-6.60858,-5.79758,-5.10368,-18.89725,-19.32907,-13.78517,-11.32317,-11.67526
10/26/2016 19:23:27,0.14,1.7,7.7W,25.9W,heat on,-18.91098,-18.88466,-14.09225,-6.45142,-17.87338,-17.45224,-17.69867,-18.72330,-17.49268,-18.70880,-18.75763,-6.35681,-5.85785,-6.44226,-6.28548,-6.32172,-6.05850,-6.17256,-4.66309,-5.47104,-5.84221,-8.81729,-6.61888,-5.80559,-5.10674,-18.90640,-19.34471,-13.78784,-11.33804,-11.68518
10/26/2016 19:23:47,0.14,1.7,7.7W,25.9W,looks stable,-18.92662,-18.89877,-14.11591,-6.45447,-17.87720,-17.47246,-17.71622,-18.72749,-17.55295,-18.72253,-18.77518,-6.36368,-5.86166,-6.43997,-6.26717,-6.30264,-6.05316,-6.16493,-4.68712,-5.47180,-5.85327,-8.82339,-6.61316,-5.79681,-5.10330,-18.91327,-19.35349,-13.78059,-11.33728,-11.68213
10/26/2016 19:24:07,0.14,1.7,7.7W,25.9W,looks stable,-18.92395,-18.91861,-14.10370,-6.49033,-17.84401,-17.45834,-17.74673,-18.72787,-17.50717,-18.68782,-18.75305,-6.40221,-5.90591,-6.45714,-6.27708,-6.30913,-6.05392,-6.18172,-4.72946,-5.47943,-5.85289,-8.82683,-6.62842,-5.80521,-5.10864,-18.91747,-19.34624,-13.83209,-11.35597,-11.69357
10/26/2016 19:24:27,0.14,1.7,7.7W,25.9W,looks stable,-18.89725,-18.90450,-14.12659,-6.44150,-17.86041,-17.44118,-17.73453,-18.73207,-17.49725,-18.68439,-18.76717,-6.40182,-5.89027,-6.44569,-6.26907,-6.31256,-6.06155,-6.17981,-4.71916,-5.48553,-5.86624,-8.82607,-6.62766,-5.80826,-5.11475,-18.92548,-19.34319,-13.82141,-11.34720,-11.68747
10/26/2016 19:24:47,0.14,1.7,7.7W,25.9W,looks stable,-18.89877,-18.90411,-14.10561,-6.44112,-17.85316,-17.43355,-17.72232,-18.72253,-17.50526,-18.69583,-18.76030,-6.37436,-5.85938,-6.42776,-6.26144,-6.31180,-6.06384,-6.17867,-4.67262,-5.48325,-5.85785,-8.82263,-6.61850,-5.80444,-5.10559,-18.91747,-19.33937,-13.78441,-11.33499,-11.68900
10/26/2016 19:25:07,0.14,1.7,7.7W,25.9W,looks stable,-18.92471,-18.89343,-14.09149,-6.47697,-17.87758,-17.46254,-17.74368,-18.71910,-17.54417,-18.72063,-18.79196,-6.37131,-5.83954,-6.42471,-6.25076,-6.29921,-6.05621,-6.17447,-4.67186,-5.47791,-5.85670,-8.82263,-6.62155,-5.79910,-5.10445,-18.92891,-19.35577,-13.78860,-11.33842,-11.69090
10/26/2016 19:25:47,0.14,1.7,7.7W,25.9W,looks stable,-18.92509,-18.92624,-14.11362,-6.45447,-17.84935,-17.43660,-17.74483,-18.74847,-17.52167,-18.68668,-18.78128,-6.54907,-6.02913,-6.92635,-6.62766,-6.54144,-6.38962,-6.79245,-4.78668,-5.92613,-6.46248,-9.53369,-7.91016,-6.19354,-5.31769,-18.93158,-19.35883,-13.94615,-12.07809,-12.37068
10/26/2016 19:26:07,0.14,1.7,0W,25.9W,power off,-18.92853,-18.93616,-14.12621,-6.49605,-17.97028,-17.48123,-17.70935,-18.72482,-17.45110,-18.69812,-18.78624,-8.76579,-7.74994,-9.36241,-8.78601,-8.36296,-8.43582,-9.45702,-4.94728,-8.05779,-9.09882,-11.94611,-10.73380,-7.81631,-6.34155,-18.93730,-19.36646,-14.58969,-13.95493,-13.94615
10/26/2016 19:26:27,0.14,1.7,0W,25.9W,power off,-18.95676,-18.93234,-14.10637,-6.54907,-18.05267,-17.47360,-17.71889,-18.75343,-17.48428,-18.71605,-18.77403,-10.63309,-9.33990,-11.20720,-10.56747,-10.03723,-10.13985,-11.39297,-5.51605,-9.88083,-11.07025,-13.44604,-12.53586,-9.23920,-7.39670,-18.95981,-19.37027,-15.11765,-15.11726,-14.87274
10/26/2016 19:27:07,0.14,1.7,0W,25.9W,power off,-18.97316,-18.94417,-14.12315,-6.70815,-18.17474,-17.47971,-17.71088,-18.77213,-17.55600,-18.74390,-18.81485,-12.39662,-11.06834,-13.02414,-12.44431,-11.92780,-12.09412,-13.31329,-6.57730,-11.90414,-13.04970,-14.81247,-14.24446,-11.04889,-9.00040,-18.99757,-19.39774,-15.62424,-16.11633,-15.70549
10/26/2016 19:27:47,0.14,1.7,0W,25.9W,power off,-19.02657,-18.97354,-14.17465,-6.74591,-18.22166,-17.48352,-17.75589,-18.75153,-17.51022,-18.75954,-18.82286,-13.13019,-11.88126,-13.76610,-13.24539,-12.83188,-12.88147,-14.04648,-7.13730,-12.74567,-13.85841,-15.35492,-14.94370,-11.96632,-10.00214,-19.01321,-19.40613,-15.80734,-16.47415,-16.01982
10/26/2016 19:28:27,0.14,1.7,0W,25.9W,power off,-19.01741,-18.96591,-14.16817,-6.82220,-18.23959,-17.49191,-17.80968,-18.76678,-17.59377,-18.74466,-18.81065,-13.40103,-12.25357,-14.09073,-13.53302,-13.11760,-13.24387,-14.41765,-7.63092,-13.16414,-14.20250,-15.58685,-15.15923,-12.28294,-10.39505,-19.01321,-19.40727,-15.88631,-16.62331,-16.14151
10/26/2016 19:29:07,0.14,1.7,0W,25.9W,power off,-19.00101,-18.96820,-14.17007,-6.82449,-18.23044,-17.47055,-17.73148,-18.78662,-17.50641,-18.76755,-18.81523,-13.59825,-12.45537,-14.22577,-13.67836,-13.27820,-13.46054,-14.59618,-7.89108,-13.35945,-14.40582,-15.68298,-15.27481,-12.50076,-10.66589,-19.02313,-19.40689,-15.91644,-16.67862,-16.19797
10/26/2016 19:29:47,0.14,1.7,15W,25.9W,power on,-19.00406,-18.96477,-14.18648,-6.79893,-18.03703,-17.49458,-17.77077,-18.76373,-17.48199,-18.77136,-18.84689,-8.83255,-8.70857,-8.42285,-8.76236,-9.38377,-8.79936,-8.08334,-6.92978,-8.29659,-7.90558,-9.41887,-7.17659,-8.67310,-8.38852,-19.01321,-19.41376,-14.35623,-11.39450,-11.66382
10/26/2016 19:30:27,0.14,1.7,15W,25.9W,power on,-19.01093,-18.96591,-14.20708,-6.61392,-17.76619,-17.48543,-17.79251,-18.79349,-17.60178,-18.80455,-18.84041,-2.86789,-3.29247,-2.48528,-2.86827,-3.66745,-3.03841,-1.92184,-5.46455,-2.37656,-1.70975,-4.82025,-1.44958,-3.66287,-4.37622,-19.02313,-19.40689,-12.73422,-7.98340,-8.89511
10/26/2016 19:30:47,0.14,1.7,15W,25.9W,power on,-18.96858,-18.94684,-14.19334,-6.50101,-17.67349,-17.50374,-17.79861,-18.78738,-17.55066,-18.76640,-18.79654,-1.49918,-1.92108,-1.15318,-1.52588,-2.24228,-1.60141,-0.53215,-4.78783,-0.91248,-0.32806,-3.85818,-0.21057,-2.26707,-3.05824,-19.03648,-19.40308,-12.37411,-7.31468,-8.32443
10/26/2016 19:31:07,0.14,1.7,15W,25.9W,power on,-18.98804,-18.97049,-14.15215,-6.50253,-17.64221,-17.53616,-17.83409,-18.79539,-17.59262,-18.76144,-18.84499,-0.72403,-1.11465,-0.35973,-0.66299,-1.32980,-0.71793,0.29788,-4.65393,0.00404,0.53896,-3.28865,0.52566,-1.37711,-2.18201,-19.03458,-19.40651,-12.14485,-6.92902,-7.98569
10/26/2016 19:31:27,0.14,1.7,15W,25.9W,power on,-18.98651,-18.95218,-14.18571,-6.37589,-17.57622,-17.50069,-17.79671,-18.79578,-17.55142,-18.75725,-18.83469,-0.20676,-0.54016,0.14885,-0.18845,-0.79994,-0.15869,0.82176,-4.51469,0.57887,1.06588,-2.93236,0.97928,-0.78278,-1.56403,-19.03152,-19.39011,-11.99074,-6.69250,-7.78008
10/26/2016 19:31:47,0.14,1.7,15W,25.9W,power on,-18.96858,-18.93806,-14.20822,-6.31104,-17.55905,-17.51442,-17.74864,-18.80455,-17.51060,-18.76221,-18.84613,0.12291,-0.22163,0.44890,0.15551,-0.43259,0.18665,1.14188,-4.35829,0.94686,1.39202,-2.73514,1.24155,-0.41122,-1.15814,-19.02161,-19.38934,-11.93237,-6.54869,-7.64160
10/26/2016 19:32:07,0.14,1.7,15W,25.9W,power on,-18.97659,-18.97583,-14.18571,-6.27060,-17.54379,-17.50755,-17.75093,-18.80188,-17.57278,-18.77594,-18.85757,0.31584,0.02745,0.66948,0.34940,-0.20981,0.43825,1.35647,-4.05884,1.19076,1.60430,-2.59628,1.43775,-0.13313,-0.85144,-19.01016,-19.38362,-11.86066,-6.46400,-7.56531
10/26/2016 19:32:27,0.14,1.7,15W,25.9W,power on,-18.97049,-18.95752,-14.17503,-6.23322,-17.52167,-17.50641,-17.79633,-18.79654,-17.55371,-18.77899,-18.84537,0.44589,0.16494,0.80770,0.49933,-0.04807,0.61225,1.50245,-3.99857,1.37055,1.76865,-2.49557,1.55804,0.04523,-0.65460,-19.01016,-19.37866,-11.81564,-6.39420,-7.51038
10/26/2016 19:32:47,0.14,1.7,15W,25.9W,power on,-18.97545,-18.93616,-14.18533,-6.22063,-17.51785,-17.51709,-17.76123,-18.78815,-17.51785,-18.79044,-18.84422,0.53494,0.30060,0.92683,0.61739,0.01892,0.71197,1.60848,-3.78113,1.48904,1.85922,-2.43988,1.62711,0.14711,-0.53635,-19.00406,-19.37256,-11.78360,-6.35185,-7.46307
10/26/2016 19:33:07,0.14,1.7,15W,25.9W,power on,-18.99147,-18.95027,-14.16931,-6.17943,-17.49268,-17.50565,-17.74635,-18.77174,-17.49954,-18.75381,-18.82553,0.59575,0.36940,0.99308,0.68981,0.11465,0.78009,1.67490,-3.64494,1.56616,1.92262,-2.40860,1.67067,0.22229,-0.43335,-19.00291,-19.36798,-11.76224,-6.32782,-7.44209
10/26/2016 19:33:27,0.14,1.7,15W,25.9W,power on,-18.94989,-18.93883,-14.20822,-6.15921,-17.49954,-17.51404,-17.74940,-18.80531,-17.58575,-18.76678,-18.84575,0.64871,0.40186,1.03610,0.73276,0.16363,0.88149,1.74647,-3.71284,1.65678,2.00071,-2.37198,1.72551,0.32102,-0.32921,-18.99643,-19.36569,-11.74240,-6.31752,-7.43256
10/26/2016 19:33:47,0.14,1.7,15W,25.9W,power on,-18.95218,-18.93463,-14.16969,-6.13403,-17.50565,-17.51785,-17.81273,-18.78548,-17.60597,-18.75534,-18.80264,0.69168,0.44370,1.06732,0.78616,0.24060,0.90422,1.77596,-3.53851,1.68711,2.01687,-2.36015,1.75457,0.36637,-0.25787,-19.01169,-19.36989,-11.73706,-6.30035,-7.42264
10/26/2016 19:34:07,0.14,1.7,15W,25.9W,power on,-18.97774,-18.95294,-14.19716,-6.14700,-17.47017,-17.47971,-17.72804,-18.77823,-17.55333,-18.76793,-18.80226,0.70683,0.45579,1.08808,0.80003,0.25671,0.93727,1.79656,-3.66020,1.73067,2.05579,-2.33994,1.76746,0.40436,-0.22163,-19.00139,-19.36493,-11.73592,-6.29196,-7.40776
10/26/2016 19:34:27,0.14,1.7,15W,25.9W,power on,-18.95523,-18.94531,-14.17389,-6.13327,-17.50641,-17.50793,-17.77077,-18.79654,-17.52129,-18.75191,-18.82706,0.70714,0.49265,1.10716,0.81680,0.30907,0.98808,1.82301,-3.32985,1.75508,2.07736,-2.32315,1.82149,0.49187,-0.12398,-18.99834,-19.37180,-11.74011,-6.28204,-7.40471
10/26/2016 19:34:47,0.14,1.7,15W,25.9W,power on,-18.99872,-18.95714,-14.16855,-6.10352,-17.50870,-17.51747,-17.77382,-18.79044,-17.49382,-18.77556,-18.84880,0.73428,0.52020,1.11614,0.84005,0.32088,1.00769,1.84903,-3.31955,1.79317,2.10490,-2.31895,1.81992,0.50223,-0.11597,-18.99872,-19.37294,-11.73172,-6.27975,-7.40013
10/26/2016 19:35:07,0.14,1.7,15W,25.9W,power on,-18.96095,-18.92014,-14.15405,-6.06880,-17.48505,-17.51404,-17.77420,-18.80875,-17.64259,-18.79120,-18.86520,0.73270,0.55046,1.16113,0.86946,0.30638,0.97875,1.84420,-3.43552,1.81649,2.10951,-2.32048,1.81242,0.48357,-0.12932,-18.99567,-19.38324,-11.72829,-6.28319,-7.40166
10/26/2016 19:35:27,0.14,1.7,15W,25.9W,power on,-18.94569,-18.96362,-14.16512,-6.07910,-17.47971,-17.50641,-17.74635,-18.77975,-17.51671,-18.77975,-18.84346,0.72837,0.56536,1.16699,0.86700,0.31532,1.00747,1.85473,-3.32718,1.82522,2.11711,-2.31857,1.82029,0.49811,-0.10223,-19.00330,-19.38019,-11.74011,-6.27289,-7.39212
10/26/2016 19:35:47,0.14,1.7,15W,25.9W,power on,-18.97507,-18.96744,-14.17084,-6.07262,-17.48772,-17.51404,-17.78641,-18.79005,-17.53731,-18.77861,-18.83774,0.77058,0.57031,1.17150,0.87432,0.31840,1.01811,1.86424,-3.24020,1.83924,2.11517,-2.31476,1.81785,0.51010,-0.09117,-18.98041,-19.36607,-11.72943,-6.27441,-7.39021
10/26/2016 19:36:07,0.14,1.7,15W,25.9W,power on,-18.96248,-18.93845,-14.13040,-6.06995,-17.51022,-17.52014,-17.79785,-18.79272,-17.52167,-18.76106,-18.82477,0.77074,0.56303,1.17576,0.87741,0.32404,1.03627,1.87998,-3.38058,1.85244,2.14512,-2.30789,1.81522,0.50155,-0.10376,-18.97964,-19.35997,-11.72943,-6.27022,-7.38640
10/26/2016 19:36:27,0.14,1.7,15W,25.9W,power on,-18.94913,-18.94493,-14.13269,-5.99747,-17.49039,-17.50183,-17.74712,-18.77823,-17.50946,-18.77518,-18.83049,0.77905,0.60261,1.20028,0.90283,0.32943,1.02325,1.88533,-3.29895,1.85731,2.14570,-2.31781,1.83035,0.51598,-0.07858,-19.01093,-19.38019,-11.75842,-6.27670,-7.39746
10/26/2016 19:36:47,0.14,1.7,15W,25.9W,power on,-18.92471,-18.92624,-14.14299,-6.02455,-17.45453,-17.48695,-17.77420,-18.74351,-17.48123,-18.72025,-18.77747,0.76521,0.59378,1.18894,0.87805,0.33923,1.06209,1.88688,-3.30772,1.85863,2.14891,-2.31323,1.81397,0.52063,-0.08125,-18.93921,-19.32983,-11.73859,-6.27098,-7.38792
10/26/2016 19:37:07,0.14,1.7,15W,25.9W,power on,-18.96515,-18.93616,-14.15977,-6.04095,-17.46979,-17.48199,-17.77916,-18.83316,-17.57889,-18.80531,-18.85986,0.77322,0.60095,1.20460,0.90632,0.35856,1.04160,1.89266,-3.25165,1.87610,2.15854,-2.30370,1.83475,0.52404,-0.05722,-18.98384,-19.35463,-11.70235,-6.26335,-7.38220
10/26/2016 19:37:27,0.14,1.7,15W,25.9W,power on,-18.94913,-18.92853,-14.16092,-6.04210,-17.47360,-17.50565,-17.78412,-18.76640,-17.54227,-18.75229,-18.82401,0.78351,0.59566,1.19038,0.89566,0.40208,1.07054,1.89602,-3.38287,1.88606,2.18708,-2.27699,1.86373,0.58884,-0.00725,-18.98155,-19.35463,-11.68518,-6.25992,-7.37991
10/26/2016 19:37:47,0.14,1.7,15W,25.9W,power on,-18.96553,-18.93768,-14.13155,-6.03485,-17.47360,-17.48734,-17.77039,-18.75992,-17.54723,-18.79272,-18.82706,0.80754,0.62451,1.22132,0.92482,0.36963,1.08287,1.91432,-3.19557,1.89561,2.17215,-2.28271,1.85737,0.57865,-0.00153,-18.96973,-19.35883,-11.68060,-6.25114,-7.37457
10/26/2016 19:38:07,0.14,1.7,15W,25.9W,power on,-18.93997,-18.92967,-14.14032,-6.04019,-17.48199,-17.50984,-17.78412,-18.76259,-17.50107,-18.76297,-18.82133,0.80620,0.63242,1.24133,0.95055,0.38296,1.09025,1.92696,-3.18832,1.91502,2.18462,-2.27890,1.86270,0.59009,0.02296,-18.97278,-19.36111,-11.67488,-6.24771,-7.37305
10/26/2016 19:38:27,0.14,1.7,15W,25.9W,power on,-18.94608,-18.92700,-14.14337,-6.02379,-17.51862,-17.52243,-17.77649,-18.77327,-17.52548,-18.74390,-18.79692,0.82914,0.61028,1.20480,0.93597,0.40643,1.11753,1.92664,-3.34473,1.92635,2.20796,-2.27203,1.87399,0.62155,0.02643,-18.97507,-19.35730,-11.69434,-6.24084,-7.36961
10/26/2016 19:38:47,0.14,1.7,15W,25.9W,power on,-18.93616,-18.92204,-14.15024,-6.03333,-17.49191,-17.49153,-17.83409,-18.76984,-17.53235,-18.76678,-18.82133,0.81063,0.63953,1.22844,0.93237,0.41875,1.11815,1.93129,-3.28979,1.91409,2.19342,-2.27585,1.87330,0.63295,0.04355,-18.97888,-19.36722,-11.71227,-6.25038,-7.37000
10/26/2016 19:39:07,0.14,1.7,15W,25.9W,power on,-18.93730,-18.92929,-14.15024,-6.04362,-17.47208,-17.49077,-17.75742,-18.79196,-17.56744,-18.77594,-18.84918,0.82039,0.67206,1.23856,0.95129,0.45171,1.12704,1.93817,-3.02849,1.91981,2.19624,-2.28462,1.87235,0.63711,0.05999,-18.97430,-19.35616,-11.69777,-6.25153,-7.36771
10/26/2016 19:39:27,0.14,1.7,15W,25.9W,power on,-18.94684,-18.93692,-14.15405,-6.02341,-17.47360,-17.51976,-17.78984,-18.76068,-17.50793,-18.72025,-18.82401,0.82480,0.62522,1.25770,1.00702,0.44888,1.11329,1.95090,-3.07236,1.94504,2.21726,-2.27280,1.88651,0.62610,0.05579,-18.97659,-19.35501,-11.69968,-6.24542,-7.36618
10/26/2016 19:39:47,0.14,1.7,15W,25.9W,power on,-18.93120,-18.91785,-14.13040,-6.03256,-17.46101,-17.49611,-17.80167,-18.77441,-17.51556,-18.74237,-18.81905,0.81180,0.61122,1.21290,0.94219,0.45870,1.13532,1.94592,-3.15552,1.94206,2.22169,-2.26974,1.88854,0.66185,0.07022,-18.96248,-19.34547,-11.68900,-6.24161,-7.36504
10/26/2016 19:40:07,0.14,1.7,15W,25.9W,power on,-18.94455,-18.91479,-14.13841,-5.98297,-17.46674,-17.49001,-17.76810,-18.79730,-17.54875,-18.77289,-18.86940,0.82822,0.65421,1.25594,0.95649,0.42348,1.13682,1.94528,-3.20511,1.94598,2.21878,-2.26440,1.89112,0.66298,0.07795,-18.97316,-19.34547,-11.69281,-6.23512,-7.35893
10/26/2016 19:40:27,0.14,1.7,15W,25.9W,power on,-18.92738,-18.91594,-14.15176,-6.00891,-17.46101,-17.47208,-17.72919,-18.75877,-17.50984,-18.70384,-18.81790,0.84611,0.62012,1.20730,0.92843,0.45524,1.15172,1.95606,-3.21884,1.94776,2.21417,-2.26135,1.89811,0.67793,0.07984,-18.95370,-19.33937,-11.70425,-6.23512,-7.35474
10/26/2016 19:40:47,0.14,1.7,15W,25.9W,power on,-18.93425,-18.89229,-14.10828,-6.02264,-17.41524,-17.48123,-17.72308,-18.77747,-17.51747,-18.73322,-18.81866,0.85105,0.65146,1.26467,0.98908,0.44116,1.15695,1.96434,-3.03574,1.95514,2.22319,-2.27051,1.88330,0.64953,0.05712,-18.96439,-19.33784,-11.67908,-6.23245,-7.35703
10/26/2016 19:41:07,0.14,1.7,0,0,power off,-18.90030,-18.89534,-14.12277,-6.00281,-17.45338,-17.79022,-18.06564,-18.93539,-17.61627,-19.12308,-19.00787,-0.95367,-0.72784,-1.42365,-1.16806,-1.10779,-0.81100,-1.11351,-3.30315,-0.31662,-0.76294,-5.52979,-2.81982,-1.16577,-0.96359,-18.90869,-19.33670,-12.44965,-9.14383,-9.97353
10/26/2016 19:41:27,0.14,1.7,0,0,power off,-18.91899,-18.89153,-14.11438,-6.11839,-17.72041,-17.89856,-18.16406,-18.96553,-17.66891,-19.14368,-19.03877,-5.56526,-4.59404,-6.17142,-5.47523,-4.85458,-4.92172,-6.06613,-3.56407,-4.48189,-5.66711,-9.62372,-7.73201,-4.37241,-3.06129,-18.87894,-19.33746,-13.64861,-12.30583,-12.56752
10/26/2016 19:41:47,0.14,1.7,0,0,power off,-18.93387,-18.90144,-14.08615,-6.23703,-17.90276,-17.90581,-18.21060,-18.98232,-17.68684,-19.17801,-19.08264,-8.77304,-7.54280,-9.29337,-8.47244,-7.65953,-7.77473,-9.22890,-4.13895,-7.50198,-8.87070,-11.96747,-10.64301,-6.75697,-4.89426,-18.89114,-19.36417,-14.45465,-14.06860,-13.98430
10/26/2016 19:42:27,0.14,1.7,0,0,power off,-19.07654,-19.10629,-14.07547,-6.46400,-18.12897,-18.17703,-18.44025,-19.18373,-18.01147,-19.33861,-19.22455,-11.66611,-10.26688,-12.07047,-11.32126,-10.67467,-10.82191,-12.23030,-5.38559,-10.65292,-11.96747,-14.06784,-13.31177,-9.63669,-7.50656,-19.02161,-19.44046,-15.04288,-15.44266,-15.04059
