Time,Pressure,Flow,Heater1,Heater2,1,2,3,4,5,6,7,8,9,10,11,12,13,14,15,16,17,18,19,20,21,22,23,24,25,26,27,28,29,30,31,32,33,34,35,36,37,38,39,40,A1,A2,A3,A4,Comment
6/24/2016 15:13:27,0,0,0,0,0.01456,-3.07732,-8.66013,-15.90767,-10.60066,-21.98067,-22.21756,-14.89410,-15.05547,-9.28802,-17.26608,-15.56282,-15.04555,-16.17203,-15.52734,-15.04173,-15.23476,-16.55655,-9.02596,-15.00893,-16.36963,-17.34886,-16.94832,-13.52463,-12.34932,-19.96689,-18.54973,-8.93936,0
6/24/2016 15:14:12,0.5,6.6,0,0,0.01413,-3.13263,-8.61359,-16.03088,-10.61401,-22.00241,-22.25266,-14.99100,-15.14931,-9.35440,-17.22603,-15.73105,-15.16190,-16.20560,-15.52429,-15.12260,-15.35034,-16.62560,-9.26285,-15.12833,-16.47530,-17.43660,-17.07458,-13.71231,-12.53090,-19.99207,-18.58063,-9.04655,density 0.89 g/cm3
6/24/2016 15:14:57,0.5,6.6,0,0,0.01645,-3.21808,-8.72688,-16.00342,-10.59494,-21.97876,-22.21222,-15.03067,-15.18860,-9.52148,-17.23099,-15.75165,-15.18593,-16.23955,-15.57655,-15.17410,-15.42130,-16.67328,-9.46007,-15.20424,-16.55655,-17.47475,-17.09442,-13.77678,-12.63504,-19.98367,-18.60733,-9.16138,density 0.89 g/cm3
6/24/2016 15:15:42,0.5,6.6,0,0,0.01438,-3.38211,-8.78906,-16.04919,-10.55450,-21.98181,-22.21985,-15.12604,-15.27023,-9.57184,-17.24052,-15.80429,-15.24162,-16.27007,-15.61890,-15.26413,-15.48157,-16.75224,-9.58977,-15.28740,-16.59279,-17.49725,-17.14401,-13.87291,-12.75177,-20.00465,-18.62679,-9.24530,density 0.89 g/cm3
6/24/2016 15:16:27,0.5,6.6,0,0,0.01397,-3.33138,-8.91037,-16.04195,-10.59837,-21.99707,-22.23358,-15.15579,-15.31677,-9.69276,-17.25693,-15.87067,-15.32440,-16.36124,-15.72952,-15.33699,-15.50407,-16.77475,-9.59091,-15.31410,-16.66031,-17.51976,-17.16309,-13.89542,-12.78152,-20.02869,-18.65768,-9.37958,density 0.89 g/cm3
6/24/2016 15:17:12,0.5,6.6,0,0,0.01715,-3.25470,-8.98018,-16.03889,-10.61935,-21.98792,-22.21870,-15.20309,-15.39497,-9.76295,-17.25082,-15.80124,-15.30380,-16.41083,-15.84511,-15.43388,-15.54642,-16.76140,-9.63593,-15.36064,-16.65192,-17.54990,-17.19742,-13.97400,-12.86697,-20.03517,-18.67752,-9.44519,density 0.89 g/cm3
6/24/2016 15:17:57,0.5,6.6,0,0,0.01470,-3.25394,-8.96721,-16.00494,-10.61287,-21.98486,-22.20955,-15.25192,-15.40985,-9.80530,-17.23557,-15.81383,-15.34843,-16.43448,-15.79132,-15.44456,-15.70053,-16.85562,-9.54208,-15.39307,-16.66336,-17.58118,-17.22603,-14.13193,-13.02261,-20.03555,-18.68744,-9.55162,density 0.89 g/cm3
6/24/2016 15:18:42,0.5,6.6,0,0,0.01731,-3.28674,-8.93440,-16.04347,-10.56252,-21.98830,-22.21794,-15.35721,-15.45486,-9.90181,-17.23328,-15.92026,-15.45563,-16.48216,-15.85007,-15.46669,-15.68832,-16.85677,-9.60350,-15.44189,-16.69922,-17.57774,-17.20467,-14.09035,-13.05008,-20.07027,-18.73779,-9.66110,density 0.89 g/cm3
6/24/2016 15:19:27,0.5,6.6,0,0,0.01636,-3.21159,-8.96606,-16.00647,-10.56366,-21.96732,-22.18246,-15.32745,-15.49530,-9.93385,-17.22374,-15.92484,-15.49187,-16.54091,-15.87944,-15.48233,-15.65399,-16.86249,-9.77783,-15.47623,-16.78123,-17.62619,-17.25121,-14.16092,-13.06839,-20.05539,-18.73703,-9.73892,density 0.89 g/cm3
6/24/2016 15:20:12,0.5,6.8,0,0,0.01469,-3.37448,-8.95157,-16.08124,-10.56213,-21.96503,-22.18246,-15.32288,-15.55176,-10.02960,-17.21878,-16.02974,-15.52315,-16.52222,-15.85197,-15.43808,-15.66620,-16.88461,-9.90753,-15.50179,-16.78925,-17.64450,-17.26608,-14.11667,-13.00812,-20.06912,-18.74771,-9.77669,density 0.91 g/cm3
6/24/2016 15:20:57,0.5,6.8,0,0,0.01703,-3.25928,-9.04465,-16.15829,-10.58426,-21.96045,-22.18094,-15.38162,-15.59486,-10.07385,-17.20772,-15.99350,-15.53078,-16.53976,-15.89699,-15.55405,-15.73181,-16.89453,-9.92203,-15.53078,-16.79077,-17.64412,-17.26074,-14.21661,-13.14545,-20.06111,-18.75076,-9.82437,density 0.91 g/cm3
6/24/2016 15:21:42,0.5,6.8,0,0,0.01834,-3.36494,-9.11407,-16.06293,-10.55450,-21.93756,-22.14127,-14.83459,-14.93301,-10.12268,-17.19513,-12.89063,-12.63084,-12.93564,-12.89673,-13.07602,-13.17520,-13.67989,-9.44595,-13.22403,-13.85880,-14.52560,-13.16948,-12.45461,-11.76338,-18.93234,-15.81459,-9.74388,density 0.91 g/cm3
6/24/2016 15:22:27,0.5,6.8,0,0,0.01471,-3.31917,-9.05342,-16.10146,-10.66322,-21.94214,-22.15271,-14.59923,-14.73160,-10.14633,-17.16232,-13.33809,-13.01384,-14.04953,-13.61618,-13.34457,-13.64174,-14.71977,-8.79745,-13.52081,-14.68658,-15.70969,-15.03410,-12.44354,-11.54480,-19.32526,-16.85448,-9.65538,density 0.91 g/cm3
6/24/2016 15:23:12,0.5,6.8,0,0,0.01592,-3.18756,-9.11102,-16.18576,-10.63004,-21.95854,-22.13783,-13.51166,-14.55688,-10.16312,-17.14478,-13.19427,-12.80289,-13.44070,-12.93640,-12.71477,-12.58926,-13.23318,-8.63190,-12.34550,-13.06763,-14.26010,-13.81149,-11.80763,-10.89973,-18.69812,-15.70358,-9.56345,density 0.91 g/cm3
6/24/2016 15:23:57,0.5,6.8,0,0,0.01393,-3.27835,-9.10988,-16.13426,-10.65331,-21.94557,-22.12639,-14.67056,-15.07416,-10.19936,-17.14630,-14.48174,-13.98773,-14.99481,-14.38065,-13.98926,-14.13803,-15.25002,-8.63762,-13.78632,-15.10124,-16.30478,-15.47508,-12.73003,-11.67068,-19.60602,-17.69066,-9.72633,density 0.91 g/cm3
6/24/2016 15:24:42,0.5,6.8,0,0,0.01782,-3.35388,-9.13925,-16.02516,-10.65979,-21.92955,-22.12296,-14.83459,-15.28549,-10.23712,-17.12341,-14.79721,-14.32037,-15.29388,-14.67743,-14.31046,-14.50119,-15.59906,-8.88329,-14.19525,-15.47966,-16.63017,-16.04004,-13.16299,-12.08076,-19.71130,-17.94281,-9.86023,density 0.91 g/cm3
6/24/2016 15:25:27,0.5,6.8,0,0,0.01562,-3.38211,-9.07631,-15.96832,-10.70633,-21.91010,-22.09854,-15.24010,-15.45029,-10.28938,-17.11960,-15.59906,-15.18860,-16.16898,-15.50293,-15.05661,-15.17868,-16.40358,-9.46770,-15.01427,-16.32004,-17.25655,-16.81519,-13.74474,-12.60147,-19.88525,-18.42461,-9.85374,calibrating analog heater supply - purge  reduced from 5 to 1 scfh
6/24/2016 15:26:12,0.5,6.8,0,0,0.01403,-3.36647,-9.03015,-16.00876,-10.72655,-21.90704,-22.08099,-15.29617,-15.47737,-10.16464,-17.15393,-15.85236,-15.36560,-16.37650,-15.74860,-15.36942,-15.59143,-16.73889,-9.82666,-15.36407,-16.62903,-17.49191,-17.15927,-14.14719,-12.94861,-19.97261,-18.60619,-9.76563,calibrating analog heater supplies - purge  reduced from 5 to 1 scfh
6/24/2016 15:26:57,0.5,6.8,0,0,0.01645,-3.52364,-8.79135,-15.98167,-10.77080,-21.89827,-22.05429,-15.26871,-15.45105,-10.04028,-17.15279,-16.00952,-15.48233,-16.48865,-15.84053,-15.43732,-15.70206,-16.86096,-9.99222,-15.50484,-16.71448,-17.56516,-17.25845,-14.23492,-13.06229,-19.98291,-18.65807,-9.67560,calibrating analog heater supplies - purge  reduced from 5 to 1 scfh
6/24/2016 15:27:42,0.5,6.8,0,0,0.01784,-3.53622,-8.96645,-15.97672,-10.64911,-21.89102,-22.04552,-15.30418,-15.44533,-9.98459,-17.14325,-16.01563,-15.59296,-16.59737,-15.98663,-15.54871,-15.70244,-16.93268,-10.15167,-15.60745,-16.83960,-17.58423,-17.30690,-14.24828,-13.09052,-19.94820,-18.65845,-9.63783,calibrating analog heater supplies - purge  reduced from 5 to 1 scfh
6/24/2016 15:28:27,0.5,6.8,0,0,0.01430,-3.56903,-8.88176,-16.03889,-10.68420,-21.90170,-22.04399,-15.28854,-15.42892,-10.01663,-17.13867,-16.13579,-15.62805,-16.59088,-15.94200,-15.50903,-15.71312,-16.94641,-10.30502,-15.65857,-16.87584,-17.60635,-17.29813,-14.23569,-13.07678,-19.95621,-18.67447,-9.65652,calibrating analog heater supplies - purge  reduced from 5 to 1 scfh
6/24/2016 15:29:12,0.5,6.8,0,0,0.01588,-3.35884,-8.93555,-15.98434,-10.64148,-21.88721,-22.02988,-15.28625,-15.43808,-10.02121,-17.12646,-16.02516,-15.56168,-16.56952,-15.96527,-15.57236,-15.80162,-16.96053,-10.21461,-15.66010,-16.89034,-17.62390,-17.34619,-14.34822,-13.21030,-19.95888,-18.67943,-9.66187,calibrating analog heater supplies - purge  reduced from 5 to 1 scfh
6/24/2016 15:29:57,0.5,6.8,0,0,0.01401,-3.45840,-9.13315,-16.05988,-10.59189,-21.88721,-22.02148,-15.28320,-15.43846,-10.09331,-17.10052,-15.99236,-15.53802,-16.56952,-15.96451,-15.62576,-15.80811,-16.99142,-10.30655,-15.69290,-16.90178,-17.62581,-17.35497,-14.37721,-13.23433,-19.95316,-18.66684,-9.64584,calibrating analog heater supplies - purge  reduced from 5 to 1 scfh
6/24/2016 15:30:42,0.5,6.8,0,0,0.01792,-3.43323,-9.29871,-15.99007,-10.60143,-21.88377,-22.02377,-15.28282,-15.43617,-10.06622,-17.09366,-16.11938,-15.63263,-16.58020,-15.92178,-15.52124,-15.76843,-16.97044,-10.25848,-15.64407,-16.89758,-17.59262,-17.31300,-14.31618,-13.19313,-19.93866,-18.67485,-9.67636,calibrating analog heater supplies - purge  reduced from 5 to 1 scfh
6/24/2016 15:31:27,0.5,6.8,0,0,0.01558,-3.60260,-9.32770,-16.02631,-10.62622,-21.88034,-22.00699,-15.30457,-15.43350,-10.09903,-17.07458,-16.09154,-15.59982,-16.59241,-15.96260,-15.55176,-15.76385,-16.98685,-10.38971,-15.69672,-16.92657,-17.62619,-17.33856,-14.31808,-13.18321,-19.95316,-18.67294,-9.67140,calibrating analog heater supplies - purge  reduced from 5 to 1 scfh
6/24/2016 15:32:12,0.5,6.8,0,0,0.01420,-3.69492,-9.22813,-15.96909,-10.71014,-21.86012,-21.99402,-15.28320,-15.44113,-10.08224,-17.04712,-16.09421,-15.63911,-16.59126,-15.92979,-15.51132,-15.72075,-16.95328,-10.44121,-15.70053,-16.91475,-17.62619,-17.31415,-14.28833,-13.15384,-19.94705,-18.66684,-9.69315,calibrating analog heater supplies - purge  reduced from 5 to 1 scfh
6/24/2016 15:32:57,0.5,6.8,0,0,0.01650,-3.57704,-9.19571,-16.00494,-10.71625,-21.86890,-21.98524,-15.29999,-15.43770,-10.05592,-17.04254,-16.12854,-15.58456,-16.54434,-15.90004,-15.53040,-15.74783,-16.95061,-10.65369,-15.72647,-16.93802,-17.61322,-17.28897,-14.27689,-13.14964,-19.93256,-18.66646,-9.70039,calibrating analog heater supplies - purge  reduced from 5 to 1 scfh
6/24/2016 15:33:42,0.5,6.8,0,0,0.01789,-3.70102,-9.22127,-15.98358,-10.69565,-21.83609,-21.98105,-15.33356,-15.44609,-10.06622,-17.05704,-16.06827,-15.54947,-16.53709,-15.91454,-15.53917,-15.80887,-16.99486,-10.58578,-15.72227,-16.92886,-17.63000,-17.33513,-14.34174,-13.22708,-19.93980,-18.66074,-9.73396,calibrating analog heater supplies - purge  reduced from 5 to 1 scfh
6/24/2016 15:34:27,0.5,6.8,0,0,0.01445,-3.70407,-9.32465,-16.01486,-10.69489,-21.84143,-21.96465,-15.31258,-15.45105,-10.08224,-17.06123,-16.04538,-15.52773,-16.56380,-15.97443,-15.66391,-15.75165,-16.97235,-10.50568,-15.73410,-16.93649,-17.63382,-17.34772,-14.35623,-13.26141,-19.91272,-18.64471,-9.67407,calibrating analog heater supplies - purge  reduced from 5 to 1 scfh
6/24/2016 15:35:12,0.5,6.8,0,0,0.01628,-3.70216,-9.29756,-16.08810,-10.69031,-21.84334,-21.96198,-15.30838,-15.44609,-10.10132,-17.07191,-15.96680,-15.55061,-16.59851,-15.99503,-15.57770,-15.77644,-16.98074,-10.50148,-15.70663,-16.89110,-17.56439,-17.32788,-14.36348,-13.23929,-19.87953,-18.42308,-9.72519,calibrating analog heater supplies - purge  reduced from 5 to 1 scfh
6/24/2016 15:35:57,0.5,6.8,0,0,0.01377,-3.76167,-9.32846,-16.12053,-10.68039,-21.82922,-21.95053,-13.55133,-14.64615,-10.10094,-17.05780,-13.24997,-12.90703,-13.07335,-12.87994,-12.94861,-12.69646,-12.84409,-9.64127,-12.47406,-12.54616,-13.54942,-12.70218,-12.16431,-11.34796,-18.31436,-14.85710,-9.46465,calibrating analog heater supplies - purge  reduced from 5 to 1 scfh
6/24/2016 15:36:42,0.5,6.8,0,0,0.01792,-3.66058,-9.44672,-16.08276,-10.66895,-21.82007,-21.91963,-11.83166,-13.21983,-10.04982,-17.04559,-8.95309,-8.89587,-8.99277,-9.11789,-9.52606,-9.33075,-9.18121,-8.10204,-9.05228,-9.01070,-10.52399,-9.00574,-9.37424,-8.97598,-17.17072,-12.30240,-9.07516,calibrating analog heater supplies - purge  reduced from 5 to 1 scfh
6/24/2016 15:37:27,0.5,6.8,7.7W,0,0.01560,-3.53851,-9.33228,-15.99197,-10.70023,-21.80862,-21.90971,-11.12518,-12.55531,-9.98459,-17.02881,-7.21130,-7.20520,-7.34749,-7.49474,-7.96280,-7.80220,-7.68318,-7.48291,-7.48672,-7.59735,-9.33609,-7.53403,-7.83234,-7.60384,-16.73050,-11.30409,-8.88443,7.7W
6/24/2016 15:38:12,0.5,7.05,7.7W,0,0.01430,-3.58047,-9.17511,-16.03661,-10.63690,-21.79871,-21.89217,-10.82153,-12.25281,-9.97047,-17.02805,-6.50482,-6.53458,-6.70509,-6.84967,-7.33109,-7.18460,-7.10526,-7.15904,-6.82297,-6.99539,-8.86078,-6.95038,-7.13272,-6.97174,-16.52107,-10.90546,-8.79822,7.7W density 0.928
6/24/2016 15:38:57,0.5,7.05,7.7W,0,0.01654,-3.65829,-9.26781,-15.98740,-10.62317,-21.78726,-21.87805,-10.67085,-12.11777,-9.96704,-17.02576,-6.20918,-6.23093,-6.40945,-6.54221,-6.99997,-6.84433,-6.81381,-6.90002,-6.49033,-6.71310,-8.63647,-6.67000,-6.73485,-6.58569,-16.42876,-10.73151,-8.77686,7.7W density 0.928
6/24/2016 15:39:42,0.5,7.05,7.7W,0,0.01623,-3.64037,-9.32961,-16.00876,-10.66895,-21.76857,-21.87271,-10.59341,-12.04071,-9.93118,-17.02728,-6.06155,-6.06117,-6.25153,-6.39572,-6.87103,-6.70357,-6.67801,-6.89011,-6.32973,-6.58035,-8.54111,-6.53763,-6.54678,-6.42166,-16.40205,-10.64835,-8.64258,7.7W density 0.928
6/24/2016 15:40:27,0.5,7.05,7.7W,0,0.01429,-3.69987,-9.29642,-15.98892,-10.61783,-21.74911,-21.84753,-10.57739,-11.99493,-9.92661,-17.01584,-5.99365,-5.99289,-6.17638,-6.28319,-6.75163,-6.60095,-6.60210,-6.80695,-6.23398,-6.50482,-8.49495,-6.47354,-6.43005,-6.29959,-16.37497,-10.60638,-8.58002,7.7W density 0.928
6/24/2016 15:41:12,0.5,7.05,7.7W,0,0.01629,-3.86848,-9.28230,-16.01944,-10.64720,-21.74530,-21.84372,-10.53314,-11.95755,-9.88846,-16.99982,-5.93948,-5.93109,-6.12373,-6.24123,-6.71082,-6.56052,-6.55899,-6.65703,-6.16188,-6.44951,-8.46748,-6.44531,-6.37054,-6.23665,-16.33873,-10.58044,-8.60863,7.7W density 0.928
6/24/2016 15:41:57,0.5,7.05,7.7W,0,0.01420,-3.86200,-9.25903,-15.98892,-10.68115,-21.74416,-21.82503,-10.51292,-11.93695,-9.79462,-17.00096,-5.89752,-5.89256,-6.09589,-6.21986,-6.69098,-6.51894,-6.52847,-6.63834,-6.11687,-6.42548,-8.44536,-6.41136,-6.32591,-6.19316,-16.33148,-10.56213,-8.59489,7.7W density 0.928
6/24/2016 15:42:42,0.5,7.05,7.7W,0,0.01524,-3.85170,-9.24301,-15.94124,-10.72578,-21.72737,-21.82312,-10.48851,-11.92780,-9.78470,-16.99219,-5.86853,-5.88455,-6.08749,-6.19888,-6.66885,-6.50787,-6.51855,-6.60095,-6.09894,-6.39992,-8.43506,-6.39877,-6.30264,-6.18057,-16.31432,-10.54993,-8.62961,7.7W density 0.928
6/24/2016 15:43:27,0.5,7.05,7.7W,0,0.01539,-3.77235,-9.38225,-16.06255,-10.66322,-21.70868,-21.80481,-10.49347,-11.90720,-9.78851,-16.99295,-5.86929,-5.86090,-6.06079,-6.17828,-6.65474,-6.48232,-6.50444,-6.66847,-6.07986,-6.38771,-8.42819,-6.39267,-6.28662,-6.14395,-16.30592,-10.53391,-8.59871,7.7W density 0.928
6/24/2016 15:44:12,0.5,7.05,7.7W,0,0.01417,-3.71246,-9.48372,-15.91339,-10.62775,-21.70906,-21.80061,-10.48508,-11.90262,-9.83200,-16.98761,-5.85823,-5.85556,-6.05659,-6.16226,-6.62270,-6.46706,-6.48880,-6.53915,-6.05469,-6.36444,-8.41370,-6.37360,-6.25114,-6.11534,-16.29639,-10.53162,-8.56018,7.7W density 0.928
6/24/2016 15:44:57,0.5,7.05,7.7W,0,0.01657,-3.77197,-9.39369,-15.93704,-10.60715,-21.69456,-21.80138,-10.46448,-11.89461,-9.79271,-16.97922,-5.85976,-5.85594,-6.05698,-6.16302,-6.63986,-6.48117,-6.49376,-6.49071,-6.03561,-6.35300,-8.40149,-6.36940,-6.25381,-6.13785,-16.29410,-10.52170,-8.57544,7.7W density 0.928
6/24/2016 15:45:42,0.5,7.05,7.7W,0,0.01448,-3.81165,-9.48868,-15.94658,-10.60982,-21.68808,-21.77505,-10.44922,-11.88354,-9.81445,-16.97006,-5.84564,-5.84946,-6.04095,-6.15234,-6.61278,-6.44569,-6.45981,-6.58417,-6.02112,-6.34766,-8.38928,-6.35948,-6.23016,-6.09169,-16.27960,-10.51407,-8.52852,7.7W density 0.928
6/24/2016 15:46:27,0.5,7.05,7.7W,0,0.01446,-3.82004,-9.42497,-15.93170,-10.60257,-21.66710,-21.77124,-10.46104,-11.88011,-9.79805,-16.96548,-5.83267,-5.82733,-6.02760,-6.13899,-6.60095,-6.43425,-6.46133,-6.40182,-6.00815,-6.33545,-8.38928,-6.34842,-6.21758,-6.10657,-16.27731,-10.49995,-8.50563,7.7W density 0.928
6/24/2016 15:47:12,0.5,7.05,7.7W,0,0.01572,-3.77197,-9.48944,-15.92789,-10.64529,-21.66824,-21.75865,-10.45990,-11.86523,-9.79080,-16.96320,-5.81551,-5.81818,-6.02264,-6.13861,-6.60172,-6.42052,-6.44760,-6.53992,-6.00166,-6.32439,-8.37822,-6.34155,-6.21872,-6.07910,-16.27274,-10.49652,-8.48351,7.7W density 0.928
6/24/2016 15:47:57,0.5,7.05,7.7W,0,0.01418,-3.86162,-9.54552,-15.98816,-10.66895,-21.66710,-21.74301,-10.47478,-11.85989,-9.78546,-16.95099,-5.81856,-5.80521,-6.01234,-6.12640,-6.59943,-6.42014,-6.44112,-6.39610,-5.98907,-6.30226,-8.36792,-6.32896,-6.20766,-6.07948,-16.25748,-10.48508,-8.49800,7.7W density 0.928
6/24/2016 15:48:42,0.5,7.05,7.7W,0,0.01505,-3.90091,-9.51767,-15.95078,-10.64415,-21.65375,-21.74187,-10.42595,-11.85722,-9.79729,-16.93192,-5.80482,-5.78766,-6.00128,-6.11954,-6.59332,-6.42014,-6.43425,-6.39954,-5.97763,-6.30417,-8.36411,-6.32095,-6.20728,-6.07910,-16.23993,-10.48355,-8.54645,7.7W density 0.928
6/24/2016 15:49:27,0.5,7.05,7.7W,0,0.01525,-3.93333,-9.46426,-16.00494,-10.65407,-21.64574,-21.73462,-10.42328,-11.85074,-9.71680,-16.93535,-5.78957,-5.78690,-6.00586,-6.11801,-6.57959,-6.41251,-6.43616,-6.47697,-5.97763,-6.29959,-8.36182,-6.32553,-6.20117,-6.06499,-16.24603,-10.47974,-8.53539,7.7W density 0.928
6/24/2016 15:50:12,0.5,7.05,7.7W,0,0.01417,-3.92456,-9.39064,-15.94276,-10.65025,-21.64612,-21.73157,-10.41946,-11.84692,-9.83543,-16.93192,-5.80826,-5.79338,-5.99365,-6.10199,-6.57158,-6.40373,-6.42548,-6.55441,-5.96924,-6.29234,-8.35190,-6.31599,-6.19011,-6.04935,-16.24527,-10.47440,-8.52661,7.7W density 0.928
6/24/2016 15:50:57,0.5,7.05,7.7W,0,0.01673,-3.98979,-9.28040,-15.95001,-10.62584,-21.63048,-21.71631,-10.43167,-11.84616,-9.79767,-16.91360,-5.80063,-5.77736,-5.98793,-6.09169,-6.55289,-6.39038,-6.42090,-6.40602,-5.96542,-6.28433,-8.34694,-6.30379,-6.16379,-6.04782,-16.23497,-10.46562,-8.51669,7.7W density 0.928
6/24/2016 15:51:42,0.5,7.05,7.7W,0,0.01542,-3.88412,-9.39789,-15.97061,-10.60867,-21.61560,-21.70906,-10.44121,-11.83548,-9.83658,-16.89148,-5.79033,-5.78003,-5.97610,-6.09131,-6.55136,-6.39229,-6.40717,-6.54945,-5.96313,-6.28967,-8.33778,-6.29578,-6.16684,-6.05164,-16.23383,-10.45494,-8.50143,7.7W density 0.928
6/24/2016 15:52:27,0.5,7.05,7.7W,0,0.01440,-3.81012,-9.42993,-16.04729,-10.55412,-21.60377,-21.69151,-10.42442,-11.83548,-9.80415,-16.88309,-5.78308,-5.76401,-5.96924,-6.07986,-6.55022,-6.38123,-6.40564,-6.53000,-5.95970,-6.28281,-8.33931,-6.29578,-6.15616,-6.03180,-16.21742,-10.45494,-8.50983,7.7W density 0.928
6/24/2016 15:53:12,0.5,7.05,7.7W,0,0.01679,-3.86238,-9.45053,-15.79895,-10.57663,-21.59309,-21.68503,-10.39276,-11.82175,-9.76181,-16.87851,-5.77240,-5.76553,-5.96085,-6.06499,-6.53915,-6.36101,-6.39229,-6.38542,-5.94063,-6.26755,-8.32329,-6.27670,-6.13861,-6.02493,-16.20865,-10.44312,-8.52432,7.7W density 0.928
6/24/2016 15:53:57,0.5,7.05,7.7W,0,0.01432,-3.95851,-9.42535,-15.82680,-10.55756,-21.59576,-21.67664,-10.40535,-11.82747,-9.79919,-16.86783,-5.75867,-5.74265,-5.96085,-6.07452,-6.55136,-6.38580,-6.40945,-6.52657,-5.95016,-6.27289,-8.33397,-6.29196,-6.16531,-6.06384,-16.19377,-10.43739,-8.54874,7.7W density 0.928
6/24/2016 15:54:42,0.5,7.05,7.7W,0,0.01459,-4.07372,-9.47723,-15.90843,-10.63004,-21.58051,-21.66557,-10.41031,-11.81831,-9.78775,-16.87393,-5.77354,-5.76782,-5.95741,-6.05965,-6.50902,-6.34689,-6.38123,-6.49261,-5.94406,-6.26602,-8.32062,-6.26793,-6.11267,-6.00586,-16.18996,-10.42786,-8.56552,7.7W density 0.928
6/24/2016 15:55:27,0.5,7.05,7.7W,0,0.01572,-3.96042,-9.50432,-15.88326,-10.60867,-21.56677,-21.66519,-10.40802,-11.81717,-9.77783,-16.86096,-5.73959,-5.74722,-5.94940,-6.05774,-6.52084,-6.33850,-6.36978,-6.47621,-5.93262,-6.25877,-8.31451,-6.26640,-6.12526,-6.01082,-16.19110,-10.42709,-8.54340,7.7W density 0.928
6/24/2016 15:56:12,0.5,7.05,7.7W,0,0.01392,-4.01497,-9.47151,-15.87944,-10.58807,-21.57860,-21.63696,-10.39505,-11.81259,-9.76601,-16.85791,-5.75294,-5.73883,-5.94711,-6.05927,-6.51932,-6.35452,-6.39572,-6.45370,-5.93987,-6.25381,-8.31528,-6.26335,-6.12869,-6.01730,-16.19263,-10.42404,-8.51402,7.7W density 0.928
6/24/2016 15:56:57,0.5,7.05,7.7W,0,0.01641,-3.93448,-9.45892,-15.92560,-10.62012,-21.54732,-21.64383,-10.38208,-11.80801,-9.80110,-16.86058,-5.74913,-5.74989,-5.94864,-6.06117,-6.52161,-6.34995,-6.37970,-6.40945,-5.92842,-6.24962,-8.30078,-6.25992,-6.12297,-6.01730,-16.16058,-10.41412,-8.57544,7.7W density 0.928
6/24/2016 15:57:42,0.5,7.05,7.7W,0,0.01453,-3.94974,-9.49135,-15.85808,-10.60486,-21.54884,-21.64116,-10.38170,-11.80115,-9.74998,-16.84914,-5.75027,-5.74608,-5.94063,-6.04286,-6.51245,-6.34727,-6.37741,-6.44608,-5.91545,-6.23779,-8.29468,-6.24924,-6.12488,-6.01807,-16.16135,-10.41107,-8.60825,7.7W density 0.928
6/24/2016 15:58:27,0.5,7.05,7.7W,0,0.01416,-4.04510,-9.48410,-15.90805,-10.62775,-21.54312,-21.62933,-10.38322,-11.79848,-9.79843,-16.84113,-5.75180,-5.73845,-5.93529,-6.04935,-6.52962,-6.35185,-6.35910,-6.40717,-5.90363,-6.23169,-8.29926,-6.26450,-6.14357,-6.04935,-16.15219,-10.40421,-8.58612,7.7W density 0.928
6/24/2016 15:59:12,0.5,7.05,7.7W,0,0.01647,-4.06342,-9.37653,-15.89775,-10.63080,-21.52863,-21.62018,-10.39429,-11.79276,-9.85451,-16.82243,-5.74989,-5.74341,-5.93185,-6.03409,-6.51207,-6.35872,-6.37741,-6.48727,-5.92728,-6.24161,-8.29811,-6.25076,-6.14357,-6.02760,-16.16440,-10.40077,-8.53348,7.7W density 0.928
6/24/2016 15:59:57,0.5,7.05,7.7W,0,0.01411,-3.99323,-9.29375,-15.85846,-10.67924,-21.52519,-21.61369,-10.39925,-11.78894,-9.80148,-16.81671,-5.72357,-5.72357,-5.93185,-6.04019,-6.50787,-6.33430,-6.36330,-6.54678,-5.91354,-6.23856,-8.28629,-6.24046,-6.10886,-5.98755,-16.15906,-10.39696,-8.50525,7.7W density 0.928
6/24/2016 16:00:42,0.5,7.05,7.7W,0,0.01471,-3.99590,-9.26361,-15.89966,-10.60066,-21.51871,-21.60835,-10.37216,-11.78589,-9.80225,-16.80946,-5.71404,-5.69191,-5.91125,-6.02798,-6.49414,-6.31714,-6.33926,-6.42509,-5.90477,-6.22330,-8.27904,-6.23131,-6.10809,-5.97954,-16.15486,-10.39238,-8.48503,7.7W density 0.928
6/24/2016 16:01:27,0.5,7.42,7.7W,0,0.01556,-4.13971,-9.29565,-15.86723,-10.56213,-21.68884,-21.88721,-10.39200,-11.79962,-9.77249,-16.81442,-5.72510,-5.71442,-5.90973,-6.01273,-6.48499,-6.30684,-6.33430,-6.44760,-5.89066,-6.22025,-8.26416,-6.22292,-6.10962,-5.99136,-16.11557,-10.36224,-8.46176,7.7W density 0.938
6/24/2016 16:02:12,0.25,4.3,7.7W,0,0.01428,-4.30031,-9.44595,-15.81421,-10.78644,-21.80252,-22.04552,-10.46715,-11.86752,-9.83276,-16.83121,-5.73616,-5.74036,-5.93719,-6.05011,-6.50787,-6.34384,-6.38123,-6.42242,-5.93147,-6.26488,-8.32138,-6.26526,-6.11496,-5.99442,-16.22314,-10.43472,-8.54034,Delta P changed - 7.7W density 0.60
6/24/2016 16:02:57,0.25,4.88,7.7W,0,0.01665,-4.25224,-9.46770,-15.86685,-10.86884,-21.79909,-22.05734,-10.48050,-11.88278,-9.86404,-16.88995,-5.77583,-5.75333,-5.95627,-6.08749,-6.56853,-6.39610,-6.43311,-6.65016,-5.97534,-6.30913,-8.36105,-6.31104,-6.17905,-6.03943,-16.24680,-10.46066,-8.53157,Delta P changed - 7.7W density 0.67
6/24/2016 16:03:42,0.25,4.88,7.7W,0,0.01502,-4.22935,-9.60083,-15.81268,-10.96458,-21.80328,-22.05887,-10.52895,-11.90376,-9.93233,-16.92505,-5.81093,-5.79681,-5.98793,-6.09703,-6.57501,-6.40564,-6.44379,-6.58035,-5.99823,-6.33545,-8.37822,-6.32935,-6.17447,-6.07109,-16.24146,-10.47974,-8.63647,Delta P changed - 7.7W density 0.67
6/24/2016 16:04:27,0.25,4.88,7.7W,0,0.01428,-4.19006,-9.55315,-15.80200,-10.99854,-21.81015,-22.06001,-10.54382,-11.93123,-9.96437,-16.90826,-5.81436,-5.81512,-6.01463,-6.13136,-6.60248,-6.43921,-6.46362,-6.58340,-6.01311,-6.34232,-8.39272,-6.34346,-6.21567,-6.11877,-16.24947,-10.49156,-8.67271,Delta P changed - 7.7W density 0.67
6/24/2016 16:05:12,0.25,4.88,7.7W,0,0.01641,-4.20914,-9.54895,-15.82565,-11.03210,-21.81129,-22.06726,-10.55832,-11.93008,-9.93118,-16.92772,-5.82962,-5.82352,-6.02226,-6.13174,-6.60706,-6.44112,-6.47888,-6.56967,-6.03371,-6.36139,-8.41064,-6.35071,-6.21681,-6.07834,-16.27312,-10.50339,-8.61931,Delta P changed - 7.7W density 0.67
6/24/2016 16:05:57,0.25,4.88,7.7W,0,0.01429,-4.25797,-9.62067,-15.82718,-11.06911,-21.81129,-22.06688,-10.58044,-11.94992,-9.96056,-16.94489,-5.83954,-5.82733,-6.02913,-6.14166,-6.61278,-6.45790,-6.48766,-6.67229,-6.04362,-6.37550,-8.41789,-6.36635,-6.22787,-6.12030,-16.26930,-10.51788,-8.66508,Delta P changed - 7.7W density 0.67
6/24/2016 16:06:42,0.25,4.88,7.7W,0,0.01490,-4.18243,-9.74197,-15.81573,-11.06873,-21.80824,-22.05467,-10.59113,-11.96213,-9.93385,-16.95099,-5.83649,-5.83115,-6.03485,-6.15234,-6.62918,-6.47354,-6.50291,-6.57539,-6.05850,-6.37627,-8.41942,-6.36902,-6.23970,-6.13708,-16.26205,-10.51483,-8.69370,Delta P changed - 7.7W density 0.67
6/24/2016 16:07:27,0.25,4.88,7.7W,0,0.01556,-4.29535,-9.75571,-15.85236,-11.02295,-21.81549,-22.05391,-10.59151,-11.94878,-9.97009,-16.95786,-5.84259,-5.84183,-6.04324,-6.16760,-6.64597,-6.47812,-6.50444,-6.73294,-6.06194,-6.38733,-8.42590,-6.38885,-6.26678,-6.17104,-16.27808,-10.51865,-8.67691,Delta P changed - 7.7W density 0.67
6/24/2016 16:08:12,0.25,4.88,7.7W,0,0.01437,-4.22897,-9.61609,-15.95802,-11.08437,-21.80519,-22.05963,-10.57816,-11.96136,-10.01740,-16.95633,-5.84793,-5.85861,-6.04935,-6.16493,-6.63490,-6.47202,-6.49567,-6.65359,-6.04935,-6.37360,-8.41789,-6.37474,-6.25305,-6.15196,-16.27502,-10.52361,-8.70895,Delta P changed - 7.7W density 0.67
6/24/2016 16:08:57,0.25,4.88,7.7W,0,0.01662,-4.30603,-9.54933,-15.85808,-11.10458,-21.80939,-22.06383,-10.61096,-11.96976,-10.00099,-16.93153,-5.86281,-5.85365,-6.04897,-6.16150,-6.64063,-6.49147,-6.51817,-6.72646,-6.07300,-6.39114,-8.43010,-6.38390,-6.26373,-6.16379,-16.28723,-10.53085,-8.63037,Delta P changed - 7.7W density 0.67
6/24/2016 16:09:42,0.25,4.88,7.7W,0,0.01519,-4.32663,-9.59702,-15.84015,-11.08093,-21.79070,-22.05162,-10.58159,-11.96289,-10.04334,-16.93039,-5.85709,-5.84831,-6.05087,-6.17409,-6.65054,-6.48117,-6.50864,-6.75354,-6.07452,-6.39648,-8.42285,-6.38275,-6.25114,-6.15654,-16.25595,-10.51941,-8.77838,Delta P changed - 7.7W density 0.67
6/24/2016 16:10:27,0.25,4.88,7.7W,0,0.01464,-4.31480,-9.59892,-15.83862,-11.06415,-21.81244,-22.05582,-10.60333,-11.97281,-10.04791,-16.94298,-5.85556,-5.84869,-6.05621,-6.17790,-6.65894,-6.48232,-6.51283,-6.79398,-6.07338,-6.40335,-8.43620,-6.38428,-6.26221,-6.16913,-16.27464,-10.52780,-8.75549,Delta P changed - 7.7W density 0.67
6/24/2016 16:11:12,0.25,4.88,7.7W,0,0.01601,-4.36554,-9.44176,-15.86571,-11.04431,-21.80176,-22.06421,-10.60028,-11.96671,-10.03571,-16.93611,-5.87769,-5.86967,-6.05507,-6.17599,-6.66084,-6.49681,-6.51779,-6.78101,-6.09512,-6.41327,-8.44307,-6.38962,-6.26755,-6.17981,-16.25366,-10.52322,-8.77419,Delta P changed - 7.7W density 0.67
6/24/2016 16:11:57,0.25,4.7,7.7W,0,0.01437,-4.28925,-9.57108,-15.82642,-11.01952,-21.81358,-22.07069,-10.60600,-11.98578,-10.03647,-16.94107,-5.87463,-5.85556,-6.06003,-6.18591,-6.66809,-6.48804,-6.52122,-6.71120,-6.08597,-6.40488,-8.44574,-6.39458,-6.28548,-6.19926,-16.26816,-10.53200,-8.74176,Delta P changed - 7.7W density 0.67
6/24/2016 16:12:42,0.25,4.7,7.7W,0,0.01352,-4.27551,-9.76028,-15.78217,-11.03516,-21.80901,-22.06993,-10.58960,-11.98311,-10.09102,-16.91360,-5.89523,-5.89142,-6.08139,-6.19049,-6.65665,-6.48766,-6.51703,-6.75201,-6.08559,-6.40602,-8.43964,-6.39420,-6.26831,-6.17294,-16.27274,-10.52856,-8.76541, 7.7W density 0.67
6/24/2016 16:13:27,0.12,3.3,7.7W,0,0.01141,-4.51546,-9.79767,-15.87524,-11.16829,-22.08252,-22.44110,-10.66589,-12.04491,-10.05745,-16.92581,-5.88799,-5.87463,-6.07986,-6.20079,-6.66885,-6.50291,-6.53992,-6.71539,-6.10771,-6.43311,-8.48351,-6.41785,-6.28204,-6.20422,-16.39023,-10.58655,-8.84323, 7.7W density 0.47
6/24/2016 16:14:12,0.12,3.3,7.7W,0,0.01211,-4.51050,-9.90372,-15.85999,-11.34262,-22.06497,-22.41898,-10.75249,-12.08076,-10.11581,-17.03682,-5.93300,-5.93948,-6.13098,-6.25343,-6.72760,-6.56815,-6.61011,-6.83784,-6.16646,-6.49185,-8.53119,-6.47278,-6.33736,-6.25153,-16.38527,-10.61897,-8.77304, 7.7W density 0.47
6/24/2016 16:14:57,0.12,3.3,7.7W,0,0.01173,-4.45862,-9.97124,-15.85464,-11.38954,-22.10197,-22.44186,-10.75821,-12.10670,-10.19058,-17.08603,-5.96504,-5.95360,-6.14624,-6.25648,-6.76498,-6.62231,-6.63986,-6.90079,-6.19659,-6.51550,-8.55064,-6.49719,-6.37360,-6.31065,-16.41159,-10.64491,-8.88519, 7.7W density 0.47
6/24/2016 16:15:42,0.12,3.3,7.7W,0,0.01119,-4.51813,-10.09979,-15.83939,-11.41968,-22.11037,-22.44682,-10.77042,-12.13074,-10.18677,-17.12074,-5.99899,-5.98373,-6.18362,-6.29654,-6.78864,-6.61545,-6.64902,-6.92062,-6.21033,-6.53687,-8.57468,-6.52580,-6.40182,-6.31256,-16.42685,-10.66399,-8.95157, 7.7W density 0.47
6/24/2016 16:16:27,0.12,3.3,7.7W,0,0.01211,-4.55704,-10.04219,-15.94009,-11.44638,-22.12868,-22.46628,-10.79025,-12.14828,-10.25352,-17.11960,-6.02188,-6.02112,-6.21147,-6.33240,-6.82526,-6.64825,-6.67725,-6.94199,-6.24466,-6.55289,-8.59222,-6.54869,-6.43463,-6.34422,-16.44211,-10.68306,-8.90808, 7.7W density 0.47
6/24/2016 16:17:12,0.12,3.3,7.7W,0,0.01123,-4.63486,-9.99298,-15.94467,-11.46240,-22.14203,-22.47467,-10.80856,-12.16965,-10.28442,-17.11578,-6.05659,-6.04172,-6.22635,-6.34003,-6.82564,-6.66122,-6.69403,-6.88133,-6.25572,-6.57959,-8.61206,-6.56281,-6.45142,-6.35452,-16.45432,-10.69756,-8.94547, 7.7W density 0.47
6/24/2016 16:17:57,0.12,3.3,7.7W,0,0.01131,-4.67911,-9.98688,-15.98625,-11.50818,-22.15195,-22.49146,-10.81734,-12.18262,-10.29320,-17.12265,-6.03714,-6.03752,-6.23322,-6.35338,-6.84204,-6.68488,-6.71272,-6.96793,-6.27823,-6.59866,-8.62732,-6.57005,-6.45752,-6.38199,-16.47606,-10.70633,-8.94508, 7.7W density 0.47
6/24/2016 16:18:42,0.12,3.3,7.7W,0,0.01132,-4.50745,-10.07614,-15.89432,-11.53336,-22.15958,-22.49908,-10.83221,-12.19940,-10.30655,-17.15698,-6.04935,-6.03333,-6.23360,-6.35910,-6.87714,-6.71349,-6.72798,-6.95953,-6.27289,-6.58951,-8.62808,-6.58798,-6.50558,-6.42967,-16.47339,-10.71777,-9.00002, 7.7W density 0.47
6/24/2016 16:19:27,0.12,3.3,7.7W,0,0.01094,-4.59824,-10.06393,-15.92178,-11.53145,-22.17255,-22.50900,-10.87456,-12.20894,-10.30159,-17.15927,-6.07300,-6.07338,-6.26221,-6.37207,-6.84738,-6.69327,-6.72913,-6.98624,-6.29044,-6.61697,-8.64563,-6.58989,-6.47621,-6.36482,-16.48865,-10.73494,-8.99429, 7.7W density 0.47
6/24/2016 16:20:12,0.12,3.3,7.7W,0,0.01120,-4.64630,-10.03189,-16.00113,-11.52229,-22.18475,-22.52197,-10.83374,-12.22191,-10.30045,-17.16843,-6.07681,-6.08215,-6.27213,-6.38962,-6.87714,-6.71387,-6.73752,-6.99005,-6.31027,-6.62193,-8.64754,-6.60248,-6.49033,-6.40488,-16.50047,-10.74524,-8.97675, 7.7W density 0.47
6/24/2016 16:20:57,0.12,3.3,7.7W,0,0.01118,-4.56429,-9.97314,-16.07819,-11.54556,-22.19391,-22.51663,-10.89172,-12.22725,-10.33287,-17.17072,-6.08864,-6.09436,-6.29272,-6.42281,-6.88934,-6.72150,-6.74591,-6.94580,-6.32858,-6.63834,-8.66699,-6.61659,-6.50711,-6.42319,-16.50467,-10.75058,-8.94241, 7.7W density 0.47
6/24/2016 16:21:42,0.12,3.3,7.7W,0,0.01160,-4.68979,-10.06088,-15.94582,-11.55624,-22.19315,-22.52922,-10.90393,-12.23907,-10.34660,-17.16995,-6.11382,-6.11496,-6.29425,-6.41785,-6.89774,-6.72607,-6.75430,-7.05070,-6.32858,-6.64864,-8.67920,-6.63376,-6.52313,-6.43921,-16.51039,-10.75516,-9.02481, 7.7W density 0.47
6/24/2016 16:22:27,0.12,3.3,7.7W,0,0.01148,-4.77524,-10.15892,-15.88974,-11.55701,-22.20612,-22.53036,-10.90088,-12.24403,-10.32562,-17.18178,-6.11954,-6.11267,-6.29692,-6.42242,-6.92368,-6.76880,-6.76727,-6.96297,-6.33888,-6.65131,-8.68835,-6.63719,-6.54831,-6.46591,-16.52069,-10.76546,-8.98972, 7.7W density 0.47
6/24/2016 16:23:12,0.12,3.3,7.7W,0,0.01165,-4.67682,-10.26154,-15.95993,-11.56387,-22.21069,-22.53952,-10.90584,-12.25128,-10.36110,-17.18750,-6.12755,-6.11496,-6.30493,-6.44302,-6.92139,-6.74820,-6.76918,-7.00798,-6.34384,-6.65474,-8.68454,-6.63986,-6.53954,-6.43387,-16.51497,-10.76813,-9.03091, 7.7W density 0.47
6/24/2016 16:23:57,0.12,3.3,7.7W,0,0.01135,-4.80194,-10.27260,-15.97061,-11.59325,-22.20078,-22.53265,-10.92300,-12.26120,-10.40115,-17.19818,-6.13098,-6.12183,-6.31485,-6.45027,-6.91948,-6.74362,-6.77109,-7.08389,-6.35376,-6.66580,-8.69141,-6.63567,-6.52847,-6.44684,-16.53214,-10.77652,-9.03854, 7.7W density 0.47
6/24/2016 16:24:42,0.12,3.3,7.7W,0,0.01154,-4.78745,-10.34431,-15.99884,-11.61308,-22.20993,-22.54753,-10.94055,-12.27760,-10.40421,-17.20428,-6.14510,-6.14243,-6.31752,-6.43005,-6.91605,-6.75697,-6.78177,-6.98166,-6.35681,-6.67496,-8.69598,-6.64787,-6.54335,-6.45943,-16.53671,-10.78567,-9.05876, 7.7W density 0.47
6/24/2016 16:25:27,0.12,3.3,7.7W,0,0.01167,-4.86450,-10.26573,-16.07056,-11.58066,-22.21260,-22.54906,-10.92339,-12.28600,-10.37674,-17.22298,-6.15273,-6.14815,-6.32362,-6.44646,-6.95686,-6.78558,-6.79436,-6.95038,-6.35033,-6.66542,-8.69789,-6.65512,-6.57082,-6.49643,-16.53709,-10.78796,-9.07021, 7.7W density 0.47
6/24/2016 16:26:12,0.12,3.3,7.7W,0,0.01116,-4.80423,-10.28366,-16.01791,-11.62529,-22.23244,-22.55363,-10.93826,-12.28867,-10.41985,-17.22450,-6.16226,-6.16837,-6.34193,-6.45218,-6.92940,-6.77032,-6.79550,-6.98776,-6.36787,-6.68640,-8.71353,-6.65817,-6.54526,-6.45370,-16.55350,-10.79712,-9.03664, 7.7W density 0.47
6/24/2016 16:26:57,0.12,3.3,7.7W,0,0.01162,-4.85840,-10.28862,-16.04233,-11.62910,-22.23434,-22.55936,-10.93826,-12.28828,-10.38666,-17.24243,-6.16226,-6.16455,-6.34422,-6.46362,-6.95305,-6.78482,-6.80580,-7.09000,-6.37856,-6.69556,-8.72765,-6.67686,-6.57501,-6.48727,-16.56227,-10.80170,-9.01718, 7.7W density 0.47
6/24/2016 16:27:42,0.12,3.3,7.7W,0,0.01148,-4.60892,-10.27718,-16.07742,-11.61461,-22.23854,-22.54524,-10.92949,-12.29362,-10.39047,-17.24396,-6.17447,-6.16608,-6.35643,-6.48499,-6.95953,-6.77795,-6.80466,-7.08237,-6.39610,-6.70662,-8.73566,-6.67763,-6.57806,-6.47926,-16.54358,-10.80933,-9.08051, 7.7W density 0.47
6/24/2016 16:28:27,0.12,3.3,7.7W,0,0.01143,-4.82712,-10.24513,-16.09573,-11.61079,-22.23663,-22.55630,-10.96001,-12.31003,-10.46371,-17.25616,-6.19774,-6.19621,-6.35605,-6.47278,-6.97250,-6.79016,-6.82411,-7.13730,-6.41022,-6.72035,-8.73795,-6.69365,-6.59103,-6.50368,-16.56380,-10.81467,-9.07745, 7.7W density 0.47
6/24/2016 16:29:12,0.12,3.3,7.7W,0,0.01172,-4.84467,-10.29015,-16.11176,-11.63406,-22.23320,-22.56126,-10.97527,-12.31842,-10.42633,-17.25883,-6.18820,-6.18439,-6.36559,-6.47583,-6.96526,-6.80771,-6.82869,-7.13043,-6.40945,-6.71997,-8.74786,-6.69479,-6.59027,-6.52618,-16.56303,-10.81924,-9.09576, 7.7W density 0.47
6/24/2016 16:29:57,0.12,3.3,7.7W,0,0.01160,-4.85954,-10.26993,-16.09573,-11.64322,-22.23663,-22.57690,-10.96535,-12.31651,-10.43358,-17.25235,-6.18820,-6.18858,-6.36749,-6.49376,-6.97708,-6.80656,-6.82297,-7.14340,-6.41022,-6.72073,-8.74329,-6.69174,-6.58760,-6.51245,-16.55502,-10.81467,-9.15642, 7.7W density 0.47
6/24/2016 16:30:42,0.12,3.3,7.7W,0,0.01128,-4.86412,-10.27679,-16.10832,-11.59058,-22.25037,-22.59369,-10.96115,-12.32834,-10.45761,-17.24586,-6.18286,-6.18019,-6.37169,-6.49261,-6.95877,-6.78902,-6.82297,-7.18613,-6.41327,-6.72340,-8.74329,-6.69785,-6.59409,-6.51131,-16.56494,-10.81772,-9.14459, 7.7W density 0.47
6/24/2016 16:31:27,0.12,3.3,7.7W,0,0.01169,-5.01633,-10.30540,-16.04919,-11.64055,-22.25456,-22.60208,-10.97603,-12.32758,-10.48126,-17.23824,-6.18515,-6.18744,-6.37283,-6.49567,-6.97289,-6.81305,-6.83670,-7.19261,-6.42242,-6.73409,-8.75511,-6.69861,-6.59561,-6.51894,-16.60500,-10.83908,-9.07974, 7.7W density 0.47
6/24/2016 16:32:12,0.12,3.3,7.7W,0,0.01132,-4.93126,-10.32104,-16.09497,-11.72028,-22.25914,-22.58606,-10.98099,-12.33597,-10.48126,-17.24663,-6.21414,-6.19698,-6.38351,-6.51665,-7.01675,-6.84814,-6.85768,-7.21855,-6.44760,-6.75278,-8.77228,-6.72379,-6.63834,-6.57082,-16.58936,-10.84251,-9.10988, 7.7W density 0.47
6/24/2016 16:32:57,0.12,3.3,7.7W,0,0.01214,-4.91104,-10.38513,-16.08200,-11.67717,-22.26677,-22.57957,-10.98633,-12.35504,-10.49004,-17.28287,-6.22520,-6.22406,-6.40182,-6.52046,-7.02553,-6.85997,-6.86836,-7.11899,-6.45409,-6.75278,-8.78448,-6.73027,-6.65092,-6.57730,-16.60500,-10.85205,-9.07822, 7.7W density 0.47
6/24/2016 16:33:42,0.12,3.3,7.7W,0,0.01131,-4.90227,-10.45151,-16.07742,-11.66420,-22.26105,-22.58263,-11.01227,-12.36267,-10.48317,-17.28058,-6.21262,-6.21300,-6.40297,-6.52885,-6.99425,-6.82678,-6.85806,-7.19757,-6.44798,-6.75278,-8.76846,-6.72150,-6.62155,-6.53152,-16.60042,-10.85587,-9.14688, 7.7W density 0.47
6/24/2016 16:34:27,0.12,3.3,7.7W,0,0.01105,-4.83551,-10.48431,-16.15067,-11.68404,-22.26143,-22.58797,-11.01189,-12.35657,-10.49652,-17.28439,-6.22520,-6.22177,-6.40068,-6.52542,-7.01332,-6.85272,-6.86188,-7.15332,-6.45180,-6.75392,-8.77533,-6.73485,-6.63986,-6.54869,-16.61339,-10.85968,-9.12704, 7.7W density 0.47
6/24/2016 16:35:12,0.12,3.3,7.7W,0,0.01112,-4.99802,-10.40573,-16.18614,-11.72180,-22.26944,-22.59903,-11.00960,-12.35504,-10.50415,-17.28821,-6.24161,-6.24390,-6.41327,-6.53381,-7.03812,-6.87752,-6.88248,-7.16400,-6.45905,-6.76270,-8.78754,-6.75392,-6.66962,-6.60934,-16.59660,-10.86273,-9.19342, 7.7W density 0.47
6/24/2016 16:35:57,0.12,3.3,7.7W,0,0.01187,-4.90341,-10.50415,-16.16058,-11.70807,-22.27783,-22.59598,-11.02104,-12.36572,-10.50949,-17.27791,-6.25916,-6.24695,-6.41556,-6.53229,-7.03278,-6.87675,-6.88782,-7.13501,-6.46400,-6.77719,-8.79974,-6.74934,-6.67496,-6.59142,-16.61987,-10.87112,-9.15222, 7.7W density 0.47
6/24/2016 16:36:42,0.12,3.3,7.7W,0,0.01130,-4.90494,-10.54764,-16.10832,-11.71570,-22.27554,-22.59941,-11.03287,-12.37717,-10.50491,-17.28516,-6.24352,-6.24084,-6.42319,-6.54984,-7.04193,-6.85959,-6.87332,-7.09991,-6.46782,-6.77185,-8.80127,-6.74820,-6.65321,-6.58989,-16.61453,-10.86769,-9.20715, 7.7W density 0.47
6/24/2016 16:37:27,0.12,2.9,7.7W,0,0.01173,-5.00984,-10.53009,-16.12625,-11.74660,-22.27478,-22.60590,-11.02142,-12.37373,-10.48813,-17.28821,-6.24847,-6.24847,-6.43349,-6.54755,-7.03049,-6.86340,-6.87790,-7.16705,-6.46706,-6.77414,-8.79669,-6.75125,-6.66809,-6.55823,-16.60843,-10.87418,-9.21326, 7.7W density 0.33
6/24/2016 16:38:12,0.12,2.9,7.7W,0,0.01095,-5.02319,-10.48393,-16.06064,-11.70921,-22.27325,-22.61963,-11.01570,-12.38899,-10.54688,-17.32178,-6.26335,-6.25916,-6.42662,-6.54335,-7.02477,-6.86874,-6.88400,-7.20329,-6.46591,-6.78024,-8.80203,-6.74744,-6.65970,-6.55823,-16.61530,-10.87952,-9.22127, 7.7W density 0.35
6/24/2016 16:38:57,0.12,2.9,7.7W,0,0.01142,-5.01289,-10.50072,-16.12473,-11.66382,-22.30186,-22.62955,-11.03668,-12.38976,-10.51331,-17.33017,-6.27022,-6.26984,-6.44035,-6.56128,-7.04002,-6.86493,-6.88248,-7.21970,-6.47545,-6.78101,-8.79898,-6.74973,-6.65321,-6.57654,-16.60805,-10.87494,-9.22127, 7.7W density 0.35
6/24/2016 16:39:42,0.12,2.9,7.7W,0,0.01020,-4.92554,-10.53619,-16.16249,-11.71494,-22.28699,-22.61124,-11.01456,-12.39357,-10.53543,-17.33475,-6.25076,-6.24809,-6.44188,-6.57959,-7.07664,-6.89850,-6.90804,-7.23839,-6.48956,-6.79016,-8.81500,-6.76575,-6.69174,-6.62880,-16.64085,-10.88409,-9.13506, 7.7W density 0.35
6/24/2016 16:40:27,0.12,2.9,7.7W,0,0.01198,-5.01556,-10.50949,-16.15791,-11.76834,-22.29385,-22.63565,-11.84006,-12.78381,-10.52971,-17.34009,-8.12912,-8.00171,-8.77380,-8.46939,-8.52737,-8.63686,-9.43222,-7.30171,-8.30574,-9.47113,-11.45782,-9.96933,-7.92618,-7.63550,-17.62810,-13.38425,-9.35478, 7.7W density 0.35
6/24/2016 16:41:12,0.12,2.8-3.0,0,0,0.01176,-5.10292,-10.48355,-16.17355,-11.74698,-22.32437,-22.65167,-14.13116,-14.47639,-10.55832,-17.32178,-12.90321,-12.44469,-13.45367,-12.84142,-12.46605,-12.58392,-13.82713,-7.56378,-12.15172,-13.72871,-15.30037,-14.41422,-11.05843,-10.16006,-19.16122,-16.76483,-9.72061,heaters off -  density 0.37-0.41
6/24/2016 16:41:57,0.12,2.8-3.0,0,0,0.01184,-5.17159,-10.38818,-16.22505,-11.72676,-22.33658,-22.65778,-15.03525,-15.27481,-10.64796,-17.32635,-14.92920,-14.44092,-15.41824,-14.74571,-14.33868,-14.43634,-15.70816,-8.52585,-14.05563,-15.51476,-16.81213,-16.23917,-12.92305,-11.79352,-19.74869,-18.03474,-10.01816,heaters off -  density 0.37-0.41
6/24/2016 16:42:42,0.12,2.75-3.08,0,0,0.01127,-5.04456,-10.35118,-16.26701,-11.71265,-22.33467,-22.66006,-15.44037,-15.63110,-10.69183,-17.33360,-15.82642,-15.34119,-16.31241,-15.63301,-15.14397,-15.29350,-16.56952,-9.43108,-15.02075,-16.37840,-17.42096,-16.98761,-13.78517,-12.63123,-20.02029,-18.56537,-10.17990,heaters off -  density 0.34-0.39
6/24/2016 16:43:27,0.12,2.75-3.08,0,0,0.01167,-5.05104,-10.43472,-16.16287,-11.74545,-22.33505,-22.65930,-15.62500,-15.78827,-10.76126,-17.33551,-16.17661,-15.72495,-16.62674,-15.91721,-15.50140,-15.79742,-16.94527,-9.93729,-15.48767,-16.78543,-17.74216,-17.38205,-14.31656,-13.17139,-20.12901,-18.79387,-10.28824,heaters off -  density 0.34-0.39
6/24/2016 16:44:12,0.12,2.75-3.08,0,0,0.01142,-5.16129,-10.43396,-16.19339,-11.82861,-22.34879,-22.67303,-15.73524,-15.87791,-10.77461,-17.34085,-16.33759,-15.80200,-16.79039,-16.16707,-15.79208,-16.03050,-17.14401,-10.13260,-15.71350,-16.96701,-17.88063,-17.55447,-14.60724,-13.49564,-20.18280,-18.90411,-10.36835,heaters off -  density 0.34-0.39
6/24/2016 16:44:57,0.12,2.75-3.08,0,0,0.01154,-5.16891,-10.46181,-16.22124,-11.81526,-22.35947,-22.68753,-15.79056,-15.93933,-10.81238,-17.35268,-16.39900,-15.91568,-16.91170,-16.29677,-15.95535,-16.15067,-17.27715,-10.48431,-15.89966,-17.13562,-17.95731,-17.65976,-14.75983,-13.64899,-20.23735,-18.96858,-10.39886,heaters off -  density 0.34-0.39
6/24/2016 16:45:42,0.12,2.75-3.08,0,0,0.01190,-5.19638,-10.45456,-16.18576,-11.77864,-22.35031,-22.66808,-15.83633,-15.98740,-10.90698,-17.35687,-16.50047,-16.05530,-17.02461,-16.40511,-16.03470,-16.15257,-17.28973,-10.64453,-15.97366,-17.18636,-17.99774,-17.70744,-14.83612,-13.74016,-20.26062,-19.02084,-10.45799,heaters off -  density 0.34-0.39
6/24/2016 16:46:27,0.12,2.75-3.08,0,0,0.01188,-5.08118,-10.48660,-16.20331,-11.75461,-22.35184,-22.67914,-15.85541,-16.00838,-10.84976,-17.36298,-16.49323,-15.99884,-16.97578,-16.39557,-16.07208,-16.25366,-17.35344,-10.64453,-16.01639,-17.23976,-18.02330,-17.73949,-14.88876,-13.81531,-20.27435,-19.03381,-10.47783,heaters off -  density 0.34-0.39
6/24/2016 16:47:12,0.12,2.75-3.08,0,0,0.01206,-5.01251,-10.44159,-16.25214,-11.78665,-22.38159,-22.70622,-15.87868,-16.03241,-10.87189,-17.36488,-16.54930,-16.06903,-17.00554,-16.39137,-16.05759,-16.28189,-17.41867,-10.88028,-16.10298,-17.29584,-18.05344,-17.78870,-14.90326,-13.81569,-20.28275,-19.05403,-10.49538,heaters off -  density 0.34-0.39
6/24/2016 16:47:57,0.12,2.75-3.08,0,0,0.01181,-5.20859,-10.44502,-16.19263,-11.69205,-22.38693,-22.70813,-15.89813,-16.04309,-10.87685,-17.35573,-16.54434,-16.09840,-17.08603,-16.49399,-16.11786,-16.32690,-17.43317,-10.83527,-16.12701,-17.33704,-18.06335,-17.78755,-14.91699,-13.86147,-20.30525,-19.07501,-10.53543,heaters off -  density 0.34-0.39
6/24/2016 16:48:42,0.12,2.75-3.08,0,0,0.01224,-5.17845,-10.55984,-16.21628,-11.72371,-22.37930,-22.70432,-15.90691,-16.07361,-10.93063,-17.35840,-16.52222,-16.11748,-17.06696,-16.47072,-16.11328,-16.31203,-17.41257,-10.81238,-16.12854,-17.31567,-18.09692,-17.78488,-14.93530,-13.87711,-20.31403,-19.08951,-10.57320,heaters off -  density 0.34-0.39
6/24/2016 16:49:27,0.12,2.75-3.08,0,0,0.01160,-5.18494,-10.48126,-16.21780,-11.76414,-22.38731,-22.70813,-15.91759,-16.08391,-10.93254,-17.37022,-16.60538,-16.18652,-17.13943,-16.53252,-16.14227,-16.36353,-17.48009,-10.96535,-16.18118,-17.34581,-18.09235,-17.80396,-14.94217,-13.87520,-20.33234,-19.11201,-10.59113,heaters off -  density 0.34-0.39
6/24/2016 16:50:12,0.12,2.75-3.08,0,0,0.01199,-5.01823,-10.52017,-16.29143,-11.76682,-22.39418,-22.70737,-15.93933,-16.09535,-10.95276,-17.37442,-16.64009,-16.20941,-17.16385,-16.56494,-16.16364,-16.32652,-17.46750,-10.98366,-16.19072,-17.38930,-18.12439,-17.84821,-14.99214,-13.92860,-20.32280,-19.11278,-10.59723,heaters off -  density 0.34-0.39
6/24/2016 16:50:57,0.12,2.75-3.08,0,0,0.01162,-5.28183,-10.49194,-16.31737,-11.78932,-22.38502,-22.71347,-15.95421,-16.10947,-10.98900,-17.38663,-16.62407,-16.18767,-17.16804,-16.59164,-16.22620,-16.41960,-17.50641,-10.82230,-16.18614,-17.36603,-18.12286,-17.83791,-15.03143,-13.98239,-20.31631,-19.10667,-10.60524,heaters off -  density 0.34-0.39
6/24/2016 16:51:42,0.12,2.75-3.08,0,0,0.01283,-5.39322,-10.52170,-16.28799,-11.77406,-22.40524,-22.71881,-15.97519,-16.13617,-11.01112,-17.38510,-16.65535,-16.25633,-17.18178,-16.57181,-16.20750,-16.40244,-17.50107,-11.02676,-16.23802,-17.38739,-18.14613,-17.89551,-15.05089,-13.99002,-20.33234,-19.11888,-10.62927,heaters off -  density 0.34-0.39
6/24/2016 16:52:27,0.12,2.75-3.08,0,0,0.01156,-5.23567,-10.63461,-16.31165,-11.82251,-22.39647,-22.71118,-15.98244,-16.12549,-11.01379,-17.38510,-16.64085,-16.10413,-17.10281,-16.55998,-16.26587,-16.47110,-17.52281,-10.97870,-16.22772,-17.39120,-18.15872,-17.87682,-15.10887,-14.05106,-20.33615,-19.12918,-10.65331,heaters off -  density 0.34-0.39
6/24/2016 16:53:12,0.12,2.75-3.08,0,0,0.01209,-5.34058,-10.59570,-16.31012,-11.78246,-22.39227,-22.73102,-15.97710,-16.13770,-11.01761,-17.39044,-16.69846,-16.22925,-17.15775,-16.56647,-16.24222,-16.41045,-17.55562,-11.14044,-16.27884,-17.45224,-18.14651,-17.91763,-15.10239,-14.04495,-20.36896,-19.15092,-10.67848,heaters off -  density 0.34-0.39
6/24/2016 16:53:57,0.12,2.75-3.08,0,0,0.01173,-5.16739,-10.54802,-16.32385,-11.80420,-22.41440,-22.73788,-15.99998,-16.14418,-11.05041,-17.38663,-16.65726,-16.21475,-17.14821,-16.55769,-16.24374,-16.48750,-17.56897,-11.12785,-16.29066,-17.46445,-18.15796,-17.90810,-15.12451,-14.06631,-20.35332,-19.14978,-10.64987,heaters off -  density 0.34-0.39
6/24/2016 16:54:42,0.12,2.75-3.08,0,0,0.01212,-5.31120,-10.60562,-16.28494,-11.87744,-22.41631,-22.74590,-15.99426,-16.15372,-11.02676,-17.40417,-16.66450,-16.21857,-17.21954,-16.61110,-16.21590,-16.41541,-17.55943,-11.21597,-16.32080,-17.47818,-18.17474,-17.88712,-15.06386,-14.01596,-20.35828,-19.15703,-10.67886,heaters off -  density 0.34-0.39
6/24/2016 16:55:27,0.12,2.75-3.08,0,0,0.01209,-5.18112,-10.58006,-16.35284,-11.83243,-22.41287,-22.74437,-16.01715,-16.17012,-10.99167,-17.39464,-16.76712,-16.18309,-17.12952,-16.56418,-16.25519,-16.48140,-17.57355,-11.27548,-16.31470,-17.47131,-18.19801,-17.94205,-15.12527,-14.08196,-20.37201,-19.16809,-10.73914,heaters off -  density 0.34-0.39
6/24/2016 16:56:12,0.12,2.75-3.08,0,0,0.01198,-5.27496,-10.64758,-16.31966,-11.80038,-22.40982,-22.74170,-16.01372,-16.16669,-11.03745,-17.39616,-16.72859,-16.28609,-17.23785,-16.65573,-16.24336,-16.43448,-17.55905,-11.11259,-16.30936,-17.45300,-18.17398,-17.87338,-15.06119,-14.00833,-20.36095,-19.16351,-10.70518,heaters off -  density 0.34-0.39
6/24/2016 16:56:57,0.12,2.75-3.08,0,0,0.00350,-5.35393,-10.55069,-16.34064,-11.80763,-22.46094,-22.80960,-16.02058,-16.17851,-11.11832,-17.39502,-16.72821,-16.28952,-17.22298,-16.62788,-16.22047,-16.40701,-17.57088,-11.21407,-16.33453,-17.48657,-18.18848,-17.90619,-15.04211,-13.99918,-20.32394,-19.14978,-10.74371,heaters off -  density 0.34-0.39
6/24/2016 16:57:42,0.12,0.6,0,0,0.00174,-5.32265,-10.51865,-15.83176,-11.75690,-22.44873,-22.87865,-15.88249,-16.04614,-11.08475,-17.26341,-16.66031,-16.19797,-17.07230,-16.47949,-16.09116,-16.31088,-17.33055,-11.09734,-16.12816,-17.22260,-17.80968,-17.66357,-14.99786,-13.96713,-19.19937,-18.56918,-10.66818,supply valve closed
6/24/2016 16:58:27,0.12,0.5,0,0,0.00289,-5.29785,-10.48546,-15.21416,-11.65352,-22.43805,-22.43767,-14.53247,-15.04288,-11.02448,-16.35666,-15.64980,-15.24544,-15.92369,-15.46555,-15.25726,-15.30533,-16.05530,-10.73341,-15.13977,-15.90195,-16.22047,-16.31241,-14.27727,-13.39111,-16.82816,-16.67595,-10.52895,supply valve closed - density 0.08
6/24/2016 16:59:12,0.12,0.48,0,0,0.00552,-5.08690,-9.61380,-14.24866,-11.35674,-21.13609,-21.86089,-13.54637,-14.14566,-10.86388,-14.99634,-14.41956,-14.06860,-14.61563,-14.21814,-14.03427,-14.04114,-14.67667,-10.43396,-13.95645,-14.56299,-14.85748,-14.90173,-13.25417,-12.48627,-15.36369,-15.19775,-10.23636,supply valve closed - density 0.08
6/24/2016 16:59:57,0.12,0.48,0,0,0.00667,-4.92821,-8.54034,-13.28468,-10.79178,-19.88106,-20.91522,-12.69035,-13.32588,-10.75172,-13.85345,-13.35335,-13.09013,-13.55896,-13.19122,-13.02185,-12.99438,-13.48381,-9.58099,-12.83646,-13.37967,-13.70926,-13.70506,-12.35771,-11.68976,-14.17694,-14.01596,-9.93958,supply valve closed - density 0.08
6/24/2016 17:00:42,0.12,0.48,0,0,0.00678,-4.54559,-7.31583,-12.51144,-10.09827,-18.81828,-20.10040,-11.90567,-12.56180,-10.52208,-12.80746,-12.41188,-12.17117,-12.58392,-12.26273,-12.15324,-12.15210,-12.51373,-8.93250,-11.90071,-12.40501,-12.72888,-12.71286,-11.60965,-11.01570,-13.11493,-12.98752,-9.61113,supply valve closed - density 0.08
6/24/2016 17:01:27,0.12,0.48,0,0,0.00683,-4.17252,-6.11572,-11.64322,-9.39598,-17.89856,-19.38248,-11.17172,-11.81145,-10.22415,-11.66267,-11.59706,-11.39221,-11.75461,-11.44791,-11.32889,-11.26099,-11.63216,-8.45299,-11.11412,-11.53908,-11.81870,-11.80649,-10.79903,-10.26154,-12.16431,-12.05902,-9.25484,supply valve closed - density 0.08
6/24/2016 17:02:12,0.12,0.48,0,0,0.00696,-3.68500,-4.94576,-10.77690,-8.70552,-17.08336,-18.68973,-10.53123,-11.19576,-9.77020,-10.49461,-10.84862,-10.64720,-10.96039,-10.67734,-10.61630,-10.61096,-10.87418,-7.90100,-10.36263,-10.75859,-11.03592,-11.01990,-10.16922,-9.68704,-11.36627,-11.26099,-8.88405,supply valve closed - density 0.08
6/24/2016 17:02:57,0.12,0.48,0,0,0.00686,-3.22800,-3.70369,-9.90868,-8.07762,-16.32462,-18.03055,-9.91135,-10.56824,-9.30443,-9.32503,-10.15701,-9.99832,-10.28557,-10.02274,-9.96857,-9.91211,-10.14366,-7.47528,-9.70001,-10.08224,-10.31876,-10.29968,-9.53979,-9.10568,-10.63042,-10.53276,-8.48465,supply valve closed - density 0.08
6/24/2016 17:03:42,0.12,1.73 ???,0,0,0.00691,-2.67715,-2.55890,-9.08394,-7.44133,-15.60135,-17.33551,-9.33380,-9.97849,-8.84781,-8.14285,-9.48792,-9.35364,-9.63516,-9.39636,-9.36394,-9.28421,-9.47304,-6.94962,-9.05800,-9.42383,-9.66034,-9.63020,-8.95882,-8.55865,-9.95865,-9.86443,-8.08945,supply valve closed - density 0.1
6/24/2016 17:04:27,0.12,1.73 ???,0,0,0.00702,-2.16789,-1.51443,-8.20618,-6.81686,-14.87198,-16.55350,-8.75320,-9.40399,-8.35304,-7.01065,-8.94241,-8.77037,-9.02748,-8.78639,-8.75816,-8.68835,-8.86383,-6.53229,-8.48694,-8.83179,-9.03702,-9.00116,-8.36716,-7.98988,-9.31625,-9.23386,-7.64542,supply valve closed - density 0.1
6/24/2016 17:05:12,0.12,1.73 ???,0,0,0.00692,-1.72577,-0.38071,-7.36389,-6.22940,-14.16473,-15.73601,-8.19778,-8.84209,-7.85065,-5.92346,-8.34351,-8.19016,-8.42819,-8.19321,-8.16498,-8.09250,-8.28247,-6.07567,-7.92770,-8.24585,-8.44421,-8.41751,-7.80983,-7.42683,-8.71429,-8.63647,-7.17125,supply valve closed - density 0.1
